~ecommerce/outgrow-no-code-marketplace,1,898,1990,1,1,86,6,2,1,55,136,301,0,0,,0,
~software/strapi-vs-drupal,1,523,2337,1,1,99,3,2,1,54,102,311,0,0,,0,
~ecommerce/medusa-js-vs-shopify-marketplace,1,560,2008,1,1,88,6,2,1,48,140,303,0,67,11.7,0,
~ecommerce/medusa-js-multi-vendor-architecture,1,894,1718,1,1,86,6,2,1,50,148,300,2,203,8.8,0,
~ecommerce/is-medusa-js-right-for-your-marketplace,1,739,1718,1,1,88,6,2,1,47,151,300,0,0,,0,
~ecommerce/build-a-marketplace-in-singapore,1,691,2146,1,0,86,6,2,1,60,139,301,0,0,,21,18
~software/disadvantages-of-medusa-js,1,755,3042,1,1,91,3,2,1,89,155,315,67,8056,10.7,102,52
~ecommerce/medusa-js-marketplace,1,765,1662,1,1,87,6,2,1,49,146,300,2,663,13.3,19,2
~ecommerce/marketplace-platform-limitations,1,861,1981,1,0,83,7,6,1,82,146,299,0,0,,18,5
~ecommerce/ecommerce-erp-integration,1,763,3244,1,0,83,7,6,1,54,149,308,0,0,,0,
~ecommerce/custom-marketplace-development,1,826,2444,1,1,87,6,2,1,58,159,306,1,283,27.8,0,
~ecommerce/custom-ecommerce-platform-development-for-growth,1,831,3108,1,0,92,8,4,1,73,154,309,0,0,,0,
~software/modernizing-software-for-quality-control,1,828,1209,1,0,83,6,5,1,63,141,293,0,0,,0,
~software/predictability-in-software-engineering,1,713,1159,1,0,83,7,3,1,87,141,294,1,75,9.2,0,
~software/software-development-project-management,1,704,3236,1,1,143,18,3,1,57,113,328,0,885,31,0,
~software/avoiding-software-project-failure,1,697,1737,1,0,83,7,3,1,57,123,298,0,0,,0,
~software/web-development-jobs,1,718,1732,1,0,119,8,3,1,42,136,304,0,65,31.2,0,
~software/optimize-web-app-with-webassembly,1,695,3055,1,0,101,14,3,1,52,139,316,0,1604,18,21,2
~software/top-strapi-development-companies,1,703,2881,1,0,114,17,15,1,53,107,320,0,1311,27.1,0,
~technologies/multi-factor-authentication,1,687,2825,1,0,96,5,3,1,50,150,305,0,150,73.8,0,
~ecommerce/medusa-b2b-ecommerce-platform,1,664,2681,1,0,92,8,5,1,74,126,305,0,0,,20,12
~ecommerce/medusa-approval-workflows,1,652,2670,1,0,95,8,3,1,82,128,304,0,0,,0,
~ecommerce/ecommerce-inventory-management-integration,1,693,2154,1,0,83,5,4,1,108,144,300,0,0,,17,5
~ecommerce/multi-warehouse-ecommerce-inventory,1,695,1941,1,0,83,7,6,1,87,237,300,1,69,7.6,0,
~ecommerce/ecommerce-website-building,1,745,7491,1,0,134,6,2,1,54,146,357,0,256,21.7,0,
~technologies/technologies-web-development,1,727,4093,1,0,130,8,4,1,43,144,326,0,191,72.3,0,
~ecommerce/7-signs-youre-ready-for-a-custom-e-commerce-platform,1,780,4142,1,0,99,3,2,1,78,145,313,0,225,14.1,0,
~software/top-mobile-app-development-companies-in-vietnam,1,742,2458,1,0,99,16,2,1,52,139,311,1,2042,32.2,0,
~ui-ux/role-information-architecture,1,725,2288,1,0,95,6,3,1,36,111,300,3,230,23.9,0,
~software/api-security-andauthentication,1,706,2355,1,1,109,3,2,1,60,145,310,0,707,40.5,0,
~software/singapores-tech-workforce,1,716,1986,1,0,103,8,2,1,91,114,304,2,1289,58.9,0,
~ecommerce/building-ecommerce-systems,1,778,2906,1,0,84,3,2,1,43,130,308,0,0,,0,
~ui-ux/ux-design-trends,1,745,2385,1,0,102,6,3,1,57,134,304,0,0,,0,
~software/user-adoption-strategies,1,823,1798,1,0,110,10,2,1,60,152,304,1,883,54,0,
~technologies/low-code-no-code,1,715,1974,1,0,109,4,2,1,58,102,302,0,0,,0,
~ecommerce/medusa-marketplace-architecture,1,696,2687,1,0,95,8,2,1,55,156,304,1,321,16.8,0,
~ecommerce/medusa-erp-integration-for-scalable-b2b-commerce,1,700,2696,1,0,93,8,2,1,48,152,304,0,0,,0,
~ecommerce/medusa-b2b-pricing-open-source-engine-for-complex-deals,1,672,2746,1,0,95,8,2,1,81,153,306,0,0,,21,7
~ai/ai-consulting-services-for-modern-enterprises,1,681,2073,1,0,87,9,2,1,68,142,302,0,125,28.2,0,
~ai/generative-ai-in-the-integration,1,651,1796,1,0,86,8,2,1,67,190,300,1,202,11.3,14,0
~ai/production-ai-development-from-prototype-to-scale,1,696,2814,1,0,95,8,2,1,75,158,307,0,0,,0,
~ai/why-ai-fails-in-production,1,729,2756,1,0,88,8,5,1,51,158,304,0,0,,0,
~technologies/headless-commerce-risks-costs-complexity-and-tradeoffs,1,713,2827,1,0,91,7,3,1,82,150,308,0,0,,0,
~technologies/rewrite-vs-refactor-legacy-system,1,758,2623,1,0,93,8,2,1,74,97,304,0,0,,17,1
~technologies/software-product-discovery,1,693,2221,1,0,92,8,7,1,48,164,302,0,64,7.7,0,
~ecommerce/dc2-ecommerce-trends,1,688,3042,1,0,89,6,2,1,73,164,307,9,345,14.4,26,6
~technologies/machine-learning-consulting-companies,1,684,1971,1,0,91,7,2,1,49,179,300,1,3412,35.5,0,
~product-development/mobile-app-development-singapore,1,666,1897,1,0,87,7,2,1,49,129,300,1,83,7,0,
~ecommerce/ecommerce-web-development-singapore,1,710,2134,1,0,83,9,3,1,58,128,302,0,3437,16.2,0,
~software/mvp-software-development-services,1,680,2105,1,0,83,7,2,1,57,163,301,2,2141,10.6,0,
~ecommerce/headless-b2b-ecommerce-development,1,712,1710,1,0,83,7,2,1,53,144,301,0,0,,0,
~software/risk-management-in-software-development,1,752,2592,1,0,119,14,2,1,47,158,318,11,14465,26.3,19,3
~software/user-centric-web-experiences-for-singapore-companies,1,816,2005,1,0,99,10,2,1,62,157,307,0,124,32.6,0,
~software/mobile-app-trends-singapore,1,1124,2041,1,0,114,12,2,1,39,158,307,0,263,16.8,0,
~software/gain-a-competitive-advantage-with-custom-software-development,1,839,1802,1,0,110,15,2,1,86,156,307,0,136,12.3,0,
~software/top-web-development-frameworks-in-singapore,1,1079,1849,1,0,110,20,2,1,48,155,309,1,83,20.2,0,
~software/troubleshooting-and-bug-fixes,1,749,1919,1,0,107,11,2,1,58,135,307,0,349,18.9,0,
~software/front-end-development-in-singapore,1,736,2335,1,0,122,18,2,1,62,154,318,0,172,22.8,0,
~software/front-end-development-in-singapore-2,1,754,2338,1,0,122,18,2,1,62,154,318,0,0,,0,
~software/tech-careers-in-singapore,1,799,2095,1,0,128,12,2,1,60,157,310,0,72,55.8,0,
~software/vietnam-destination-for-software-development,1,843,2308,1,0,117,14,2,1,61,143,314,2,2442,12.1,0,
~software/digital-transformation-strategies,1,767,2414,1,0,126,14,2,1,55,155,314,1,2075,24.8,0,
~software/developer-portfolio-guide-for-singapore-tech-professionals,1,833,2184,1,0,104,14,2,1,60,125,310,0,333,23,0,
~software/top-backend-technologies-guide-for-singapore-companies,1,749,3046,1,0,120,19,2,1,70,144,325,0,192,21.4,0,
~ui-ux/ux-design-trends-in-singapore,1,722,1867,1,0,120,11,2,1,53,138,306,0,63,39.3,0,
~software/local-seo-boost-singapore-tech-business,1,747,2625,1,0,98,14,2,1,53,149,312,0,0,,0,
~software/custom-software-development-for-the-retail-industry,1,692,2173,1,0,113,13,2,1,79,156,313,0,9305,74.8,0,
~software/software-engineering-education-in-singapore,1,687,2278,1,0,100,11,2,1,58,152,309,2,185,31.2,14,1
~software/training-and-support-after-software-implementation,1,672,2161,1,0,111,10,2,1,58,150,307,1,2201,27.5,0,
~software/startup-funding-in-singapore,1,719,2463,1,0,109,14,2,1,74,153,317,1,4565,49.4,0,
~software/vietnam-destinations-cost-effective-outsourcing,1,674,1755,1,0,101,8,2,1,93,109,304,0,852,29,0,
~software/cybersecurity-challenges-in-singapore,1,704,1910,1,0,97,9,2,1,70,105,304,0,67,30.4,17,0
~software/government-support-for-software-development-in-vietnam,1,684,1621,1,0,105,8,2,1,59,89,303,2,372,29.8,0,
~software/blockchain-and-cryptocurrency-in-2024-singapores-tech-industry,1,689,2001,1,0,99,10,2,1,78,146,307,0,0,,0,
~technologies/navigating-cloud-computing-essential-solutions-for-singapores-tech-innovators,1,680,2129,1,0,112,12,2,1,104,154,310,0,80,64.6,0,
~software/benefits-and-risks-integrating-ai-and-ml,1,690,2319,1,0,124,15,2,1,61,140,314,0,0,,0,
~software/web-development-data-privacy,1,687,2360,1,0,93,10,2,1,51,121,308,5,1628,30.5,22,0
~software/mastering-web-development,1,693,4219,1,0,171,14,2,1,125,157,344,0,398,32.1,15,1
~software/top-project-management-tools,1,679,2763,1,0,120,9,2,1,87,156,318,0,1515,22.5,0,
~software/singapores-tech-talent,1,688,2982,1,0,104,9,2,1,57,110,313,0,4749,18.2,0,
~technologies/tech-trends-in-singapore,1,683,2134,1,0,113,11,2,1,46,112,312,0,3261,56.5,0,
~software/ai-and-ml-software-development,1,715,2702,1,0,115,13,2,1,86,143,314,0,1246,21.7,0,
~software/singapores-startup-ecosystem,1,718,2730,1,0,116,12,2,1,56,128,317,0,342,40.4,0,
~software/off-the-shelf-solutions,1,745,2074,1,0,102,7,2,1,55,147,303,0,2639,28.5,0,
~software/app-modernization-services-in-vietnam,1,742,2486,1,0,121,24,2,1,113,153,320,0,185,13.9,0,
~software/affordable-tech-solutions-singapore,1,767,2760,1,0,101,21,2,1,69,123,318,0,80,11.4,0,
~software/system-integration,1,733,1695,1,0,106,7,2,1,59,117,302,5,5653,58.1,21,4
~software/choose-right-development-team,1,743,3229,1,0,111,8,2,2,58,176,317,0,0,,0,
~software/software-development-partner,1,735,2973,1,0,121,10,2,1,84,109,315,0,1774,21.1,0,
~software/javascript-frameworks-trends-dominance-emerging-contenders,1,700,1641,1,0,103,7,2,1,59,122,302,0,177,40.3,14,0
~software/low-code-no-code-web-development,1,538,1815,1,0,119,7,2,1,54,146,305,0,176,35.3,0,
~software/headless-cms-web-development,1,534,1902,1,0,109,9,2,1,60,138,306,0,433,38.3,15,0
~software/ai-in-web-development,1,943,1668,1,0,111,9,2,1,57,128,304,0,0,,0,
~software/headless-commerce-development,1,967,1659,1,0,103,8,2,1,59,134,302,0,0,,0,
~software/developer-upskilling-programs-singapore,1,794,1799,1,0,94,10,2,1,47,140,302,0,0,,0,
~software/government-grants-for-small-businesses-singapore,1,828,1703,1,0,98,10,2,1,56,154,304,0,6110,63.5,0,
~software/affordable-web-design-ux-in-singapore,1,749,1847,1,0,99,11,2,1,44,133,301,0,401,47.2,0,
~software/version-control-and-collaboration-in-web-development,1,736,2411,1,0,104,12,2,1,57,156,309,1,7625,16.5,23,28
~software/choosing-the-right-it-company-in-singapore,1,775,4892,1,0,156,9,2,1,54,156,342,0,58,28.5,0,
~software/estimate-development-time,1,721,2636,1,0,109,8,2,1,72,125,310,21,9296,26.4,51,19
~software/web3-dapp,1,772,2535,1,0,97,11,2,1,60,122,310,1,538,28.9,16,3
~software/custom-software-development-process,1,813,3095,1,0,139,11,2,1,60,121,319,2,9580,25.9,0,
~software/ensuring-digital-transformation-strategy-adapts-to-technological-advancements,1,743,2499,1,0,101,11,2,1,82,148,311,1,787,18.2,15,0
~software/cost-of-software-development-in-vietnam,1,767,2888,1,0,93,12,2,1,56,134,310,1,2877,14.9,0,
~software/software-scalability,1,760,3133,1,0,114,12,2,1,48,106,317,3,34991,13.2,17,10
~software/web-design-and-development,1,705,2759,1,0,104,11,2,1,51,133,314,2,21908,22,0,
~software/data-privacy-regulations,1,765,2679,1,0,102,12,2,1,53,135,310,10,1900,29.1,30,15
~software/back-end-development-serverless-architectures-and-cloud-functions,1,729,3020,1,0,101,13,2,1,69,125,315,0,833,23,0,
~software/custom-development-services-for-strapi,1,753,2214,1,0,114,6,2,1,59,128,309,0,2208,27.3,0,
~software/types-of-strapi-custom-development-services,1,749,3073,1,0,121,7,2,1,53,134,318,0,0,,0,
~software/case-studies-of-custom-development-projects-with-strapi,1,768,2783,1,0,100,16,2,1,59,77,312,2,900,10.8,0,
~software/strapi-custom-development-services,1,778,2217,1,0,104,8,2,1,80,156,305,0,443,48.1,0,
~software/select-top-custom-development-services-for-strapi,1,944,1552,1,0,99,7,2,1,57,164,301,0,219,14.8,0,
~software/exploring-strapi-plugins,1,806,1733,1,0,87,4,2,1,86,160,299,0,458,20.7,0,
~software/protecting-data-and-systems,1,872,2362,1,0,106,11,2,1,59,147,309,0,57,33.5,0,
~software/software-development-and-digital-transformation-budget-roadmap,1,955,3020,1,0,112,14,2,1,57,115,321,0,2898,25.6,0,
~software/seo-for-single-page-applications,1,865,2733,1,0,104,11,2,1,61,147,311,0,38287,34,20,3
~software/progressive-enhancement-and-inclusive-design,1,800,3512,1,0,112,16,2,1,57,143,318,0,358,19.2,0,
~software/testing-frameworks-continuous-integration,1,760,2422,1,0,102,12,2,1,57,145,311,0,0,,0,
~software/features-of-custom-software,1,713,2338,1,0,113,10,2,1,53,141,309,1,3644,74.6,14,0
~software/leverage-digital-transformation,1,1784,2682,1,0,113,9,2,1,55,152,316,0,0,,0,
~software/business-strategy-and-goals,1,722,2897,1,0,121,9,2,1,54,105,318,5,5840,19.8,20,13
~software/pwas-vs-native-apps,1,970,2469,1,0,102,9,2,1,86,136,308,1,633,46.8,0,
~software/software-development-cost,1,1418,2622,1,0,114,11,3,1,103,116,313,0,1430,79.5,0,
~software/task-runners-and-build-automation-tools,1,1457,2473,1,0,102,8,2,1,42,115,309,3,1477,16.6,18,1
~software/ongoing-maintenance-and-subscription-fees,1,1412,3312,1,0,103,15,2,1,58,119,320,8,5958,37.4,36,18
~software/cdns-content-delivery-networks,1,1327,2669,1,0,97,11,2,1,58,149,310,0,1917,17.3,0,
~software/backend-development-and-apis,1,1820,2910,1,0,113,13,2,1,58,122,313,11,5816,18,34,10
~software/roi-in-software-development,1,1926,2672,1,0,114,12,2,1,47,118,311,3,3671,21.9,15,2
~ecommerce/what-is-ecommerce,1,1893,6012,1,0,130,20,2,1,53,112,342,0,6413,24.8,24,6
~software/outsource-web-development-services,1,1899,3490,1,0,134,14,2,1,55,141,324,0,0,,0,
~software/12-agile-principles,1,1414,2767,1,0,115,16,2,1,49,132,319,9,14516,27.3,31,22
~software/security-concerns-in-mobile-app-development,1,1254,2382,1,0,105,14,2,1,80,120,308,2,1233,58.4,19,22
~software/what-is-agile-methodology,1,782,2822,1,0,107,10,2,1,53,128,312,0,0,,0,
~software/ai-in-software-development,1,786,6467,1,0,138,4,2,1,48,126,347,3,1744,37.6,23,26
~software/agile-vs-waterfall,1,740,4530,1,0,103,4,2,1,56,139,328,1,1890,34.7,15,5
~ecommerce/b2b-ecommerce,1,795,5337,1,0,105,9,5,1,62,134,332,3,8318,22.5,24,6
~ecommerce/ecommerce-in-japan,1,780,7767,1,0,115,5,2,1,56,138,356,2,4030,52.6,16,34
~ecommerce/ecommerce-in-philippines,1,860,7385,1,0,124,6,2,1,59,137,352,4,2380,37.2,34,12
~ecommerce/ecommerce-in-vietnam,1,857,8196,1,0,115,6,2,1,58,148,359,1,130,23.8,0,
~ecommerce/ecommerce-enablers,1,838,7184,1,0,144,5,2,1,47,141,356,9,3008,30.3,30,18
~ecommerce/ecommerce-marketing,1,830,8380,1,0,116,5,2,1,56,107,357,2,21107,70.3,20,3
~ecommerce/e-commerce-for-services,1,763,5775,1,0,114,6,2,1,59,135,335,1,2364,15.8,0,
~software/strapi-development-company,1,768,2411,1,0,114,8,2,1,48,157,312,0,517,30.7,0,
~software/cost-of-hiring-a-strapi-development-company,1,737,2536,1,0,99,5,2,1,51,161,310,0,169,29.7,0,
~software/find-the-best-strapi-development-company,1,742,2075,1,0,122,6,2,1,56,142,306,0,298,41.3,0,
~software/customization-in-medusa-js,1,747,2141,1,1,85,3,2,1,55,155,311,5,1267,16.9,0,
~ecommerce/ecommerce-strategy,1,777,9556,1,0,121,5,2,1,60,134,377,1,9214,34.3,17,6
~software/managing-offshore-software-teams,1,866,3520,1,0,116,12,2,1,99,150,323,0,2153,39.7,0,
~software/microservices-vs-monolithic,1,891,2484,1,0,103,11,2,1,58,144,311,0,577,28.1,19,0
~software/agile-case-studies,1,857,4245,1,0,115,16,2,1,49,136,336,228,22028,16.2,443,39
~software/4-agile-core-values,1,820,2045,1,1,109,8,2,1,58,149,308,0,1898,29.3,0,
~software/agile-software-development,1,725,1706,1,1,110,7,2,1,56,141,307,3,5245,26.7,30,4
~ecommerce/ecommerce-trends,1,700,7844,1,1,117,5,2,1,57,143,354,0,50,28.5,0,
~ecommerce/type-of-ecommerce,1,699,8864,1,1,110,10,6,1,43,146,366,0,1546,27.5,0,
~technologies/headless-ecommerce,1,694,2201,1,0,103,4,2,1,43,130,302,0,0,,0,
~software/software-quality-non-technical-ceo,1,706,2568,1,0,100,6,2,1,57,145,306,0,89,20.6,0,
~software/high-quality-software,1,705,1649,1,0,98,4,2,1,60,114,297,0,0,,0,
~technologies/production-ai-vs-prototype-ai-why-most-systems-fail-after-the-demo,1,696,3443,1,0,96,6,2,1,92,143,311,1,187,14.3,0,
~ecommerce/mobile-first-ux-for-sea-e-commerce-2,1,684,2026,1,0,84,3,2,1,86,156,299,0,0,,0,
~software/top-strapi-plugins,1,717,3482,1,1,99,3,2,1,86,115,322,14,2377,12.2,29,25
~software/strapi-vs-joomla-2,1,715,1991,1,1,88,3,2,1,45,101,306,0,116,13.3,0,
~technologies/deploying-ai,1,766,3560,1,0,99,8,6,1,47,153,313,0,0,,0,
~software/7-signs-your-sme-needs-custom-software-instead-of-more-saas-tools,1,874,2775,1,0,84,3,2,1,71,155,306,0,89,22.5,0,
~ui-ux/mobile-first-ux-for-sea-e-commerce,1,716,2445,1,0,86,4,2,1,56,123,303,0,136,10.4,0,
~technologies/vibe-coding,1,931,3041,1,0,83,3,2,1,56,156,304,0,0,,0,
~ecommerce/b2b-workflows,1,693,2652,1,0,84,3,2,1,66,113,305,0,114,17.3,0,
~ecommerce/software-cost-estimation,1,867,3516,1,0,83,7,2,1,58,132,312,1,633,38.3,0,
~ecommerce/e-commerce-in-asia,1,741,8637,1,1,126,5,2,1,58,145,366,0,261,39.3,38,4
~ecommerce/ecommerce-in-singapore,1,806,7794,1,1,124,5,2,1,53,127,358,4,6665,26.3,18,5
~ecommerce/ecommerce-in-china,1,747,8312,1,1,99,5,2,1,53,145,359,1,10225,44.6,52,10
~ecommerce/ecommerce-in-india,1,819,8170,1,1,95,5,2,1,54,145,356,2,2465,50.3,14,3
~ecommerce/ecommerce-business,1,804,6845,1,1,99,6,2,1,60,118,345,0,0,,0,
~ecommerce/ecommerce-logistic,1,855,9497,1,1,109,9,5,1,58,108,374,0,1273,60.4,0,
~software/it-companies-in-singapore,1,835,3752,1,0,138,24,2,1,57,110,336,1,4969,56.9,0,
~software/digital-transformation-strategies-for-singaporean-enterprises,1,772,3192,1,0,107,14,2,1,98,157,321,0,144,63.8,0,
~software/web-development-in-singapore,1,709,3300,1,0,108,14,2,1,109,152,317,0,71,15.1,0,
~software/choosing-the-right-app-development-company-for-smes-in-singapore,1,714,2739,1,0,130,13,2,1,89,158,319,0,84,20.3,0,
~software/mobile-first-development,1,658,2115,1,0,108,12,2,1,56,156,306,0,82,24.8,0,
~software/vietnams-software-development-industry,1,687,2196,1,0,120,13,2,1,47,128,312,1,501,65.3,0,
~software/creating-accessible-software,1,535,2093,1,0,105,11,2,1,68,106,306,0,62,21.3,0,
~software/top-web-development-companies-in-vietnam-leading-the-way-in-digital-innovation,1,850,2345,1,0,117,15,2,1,104,148,312,0,220,16.3,0,
~software/budget-friendly-tech-solutions-for-singapore,1,855,1786,1,0,86,10,2,1,68,158,301,0,465,12.5,0,
~software/leading-generative-ai-development-services-providers-in-vietnam-transforming-industries-and-driving-innovation,1,534,1664,1,0,89,13,2,1,136,157,304,0,183,24.4,0,
~software/why-choose-a-strapi-development-company,1,704,1908,1,0,109,10,2,1,51,148,305,0,1414,21.3,0,
~software/hiring-a-strapi-development-company,1,654,2061,1,0,98,9,2,1,59,119,305,0,143,53,0,
~software/benefits-of-custom-strapi-development-services,1,747,6696,1,0,146,7,2,1,54,130,355,0,75,26.8,0,
~product-development/minimum-viable-product-approach-guide,1,743,2307,1,0,85,9,3,1,58,132,301,1,191,18,17,4
~product-development/the-ultimate-guide-to-mvp,1,745,1123,1,0,94,12,2,1,55,150,295,0,0,,0,
~technologies/corppass-and-singpass,1,687,1216,1,0,93,10,2,1,56,152,297,4,1101,13.9,23,13
~product-development/building-success-with-a-mvp,1,842,4280,1,0,105,15,2,1,52,142,329,0,0,,0,
~product-development/product-roadmap-starup,1,732,1744,1,0,94,6,2,1,57,108,298,0,0,,0,
~ui-ux/ux-in-product-development,1,722,2300,1,0,95,6,2,1,51,110,301,0,912,24.7,0,
~ui-ux/a-digital-product-with-ux-design,1,835,1939,1,0,97,7,3,1,45,86,297,0,0,,0,
~ui-ux/sketching-startup-product-development,1,675,1939,1,0,94,6,3,1,52,129,298,1,992,8.1,0,
~ui-ux/user-flow-for-startup-founder,1,666,2053,1,0,96,6,3,1,58,104,299,0,0,,0,
~ui-ux/the-power-of-ux-wireframes,1,699,2208,1,0,97,7,3,1,57,99,300,0,244,38.5,0,
~technologies/responsive-design,1,654,2114,1,0,94,6,3,1,52,136,298,0,368,26.1,0,
~ui-ux/power-interactive-prototypes,1,690,1856,1,0,96,6,3,1,52,137,296,0,630,13.5,0,
~technologies/exploring-headless-cms,1,664,2130,1,0,93,5,3,1,52,119,299,0,0,,0,
~software/non-functional-requirements,1,757,2138,1,0,101,4,2,1,51,133,300,5,8597,28.4,28,12
~software/functional-requirements,1,737,1615,1,0,104,5,2,1,58,141,297,2,3646,55.1,14,3
~software/accessibility-product-development,1,838,2242,1,0,105,6,2,1,54,133,303,0,902,34.3,0,
~software/usability-product-development,1,753,2229,1,0,108,5,2,1,49,139,303,0,0,,0,
~technologies/mobile-app-development,1,822,4144,1,0,103,8,2,1,49,120,322,0,0,,0,
~ecommerce/data-driven-decision-making-leveraging-analytics-in-medusa-js,1,757,3438,1,0,83,4,3,1,87,156,315,1,443,10,0,
~technologies/the-new-rules-for-a-predictable-investor-ready-mvp-in-2026,1,758,3828,1,0,83,8,2,1,84,155,316,0,0,,0,
~technologies/legacy-system-modernization,1,768,4370,1,0,83,8,2,1,60,156,319,0,273,49.7,16,0
~technologies/machine-learning-for-smes,1,720,2555,1,0,84,3,2,1,70,105,304,1,126,11.3,0,
~ui-ux/app-design-in-2026-best-practices-trends-top-tools-for-modern-apps,1,771,1634,1,0,83,3,2,1,95,156,295,5,2783,10.6,43,16
~ecommerce/the-hidden-costs-of-manual-b2b-workflows-for-singapore-smes,1,756,3363,1,0,83,3,2,2,84,68,313,0,88,14.4,0,
~ecommerce/data-driven-ux-for-singapore-ecommerce,1,739,2155,1,0,84,3,2,1,38,161,301,0,58,16.6,0,
~ecommerce/why-open-source-drives-superior-roi-for-b2b-e-commerce,1,732,2832,1,0,84,3,2,1,54,156,304,0,150,10.5,0,
~ecommerce/use-ai-on-medusa-js-drive-sales,1,676,1625,1,0,83,3,2,1,47,135,293,1,274,12.7,0,
~ecommerce/singapore-b2b-e-commerce-in-q4,1,660,2943,1,0,83,3,2,1,117,157,307,0,89,14.9,0,
~ecommerce/singapore-b2b-ai-integrationn,1,650,2701,1,0,83,3,2,1,28,165,302,2,94,13.9,0,
~ecommerce/medusa-js-vs-shopify-plus-for-b2b-in-singapore,1,688,2571,1,0,84,3,2,1,46,138,307,0,255,12.5,0,
~ecommerce/b2b-ecommerce-for-singapore,1,665,2161,1,0,83,3,2,1,59,151,297,0,0,,0,
~ecommerce/singapore-ecommerce-compliance-taxes-data-and-rules,1,681,3435,1,0,83,3,2,1,53,140,308,1,222,40.2,0,
~ecommerce/medusa-js-ecommerce-maintenance-checklist,1,672,774,1,0,83,3,2,1,100,142,290,0,0,,0,
~ecommerce/ecommerce-tech-stack-medusa,1,656,1176,1,0,83,3,2,1,51,153,297,1,142,11.9,0,
~ecommerce/quote-based-ordering-in-b2b,1,652,5045,1,0,83,3,2,1,93,240,333,3,4221,13.8,15,9
~ecommerce/net-payment-terms-in-b2b,1,762,3208,1,0,83,3,2,1,94,157,309,0,1806,33.8,0,
~ecommerce/price-negotiation-chat-in-b2b,1,675,2261,1,0,85,3,2,1,119,317,304,2,403,13.3,0,
~ecommerce/b2b-subscription-ordering,1,750,3015,1,0,83,3,2,1,103,156,310,0,62,24.1,0,
~ecommerce/request-for-quote-rfq-system,1,839,3199,1,0,91,3,2,1,114,124,312,5,2905,46.3,25,11
~ecommerce/custom-quote-approvals-in-b2b,1,767,2157,1,0,97,3,2,1,112,154,304,0,69,8.3,15,2
~ecommerce/flexible-business-models-with-medusa-js,1,845,1624,1,1,83,3,2,1,57,146,300,2,2192,21,0,
~ecommerce/enhancing-customer-experience-in-e-commerce-with-medusa-js,1,749,1601,1,0,83,3,2,1,83,154,297,0,106,16.2,0,
~ecommerce/optimizing-checkout-experiences-with-medusa-js-best-practices,1,835,2134,1,0,86,3,2,1,87,99,303,6,786,11,14,18
~ecommerce/reorder-feature-for-b2b-customers,1,718,1849,1,0,97,3,2,1,89,222,304,8,1477,8.7,19,7
~ecommerce/volume-discounts,1,815,1932,1,0,89,3,2,1,65,150,301,3,4412,26.7,26,6
~ecommerce/moq-in-b2b-ecommerce,1,733,2212,1,0,93,3,2,1,107,142,304,0,0,,0,
~ecommerce/ecommerce-customer-experience,1,762,3581,1,0,92,3,2,1,94,157,317,0,0,,0,
~ecommerce/tiered-pricing,1,726,2809,1,0,83,3,2,1,93,154,308,2,4234,16.9,35,7
~ecommerce/user-generated-content-in-ecommerce,1,735,2089,1,0,86,4,2,1,54,154,304,0,0,,0,
~ecommerce/building-customer-trust-in-ecommerce,1,651,1643,1,0,92,4,3,1,36,141,299,0,54,52.6,0,
~ecommerce/gdpr-compliance-for-ecommerce,1,792,2448,1,0,90,4,2,1,63,136,303,2,924,29.5,17,3
~ecommerce/customer-segmentation-and-personalization,1,684,2834,1,0,83,3,2,1,54,145,308,1,3620,17.1,0,
~ecommerce/ecommerce-customer-data-collection,1,764,2395,1,0,93,3,2,1,50,111,304,0,0,,0,
~ecommerce/customer-centric-in-ecommerce,1,710,2541,1,0,84,5,2,1,103,123,305,0,205,33.1,0,
~ecommerce/customer-accounts-and-authentication,1,708,2344,1,0,88,6,2,1,44,131,305,0,0,,0,
~ecommerce/understanding-your-customer,1,711,2134,1,0,88,3,2,1,57,135,302,0,0,,0,
~ecommerce/b2b-vs-b2c-customers,1,753,2908,1,0,83,3,2,1,66,132,309,0,0,,0,
~ecommerce/boosting-e-commerce-success-marketing-strategies-for-medusa-js-stores,1,819,1914,1,0,84,3,2,1,95,156,300,2,663,9.3,0,
~software/product-management-with-medusa-js,1,796,1764,1,1,85,3,2,1,46,149,304,4,3105,13.2,24,12
~software/why-use-medusa-js-for-e-commerce,1,742,1694,1,1,85,3,2,1,58,123,303,2,858,12.1,0,
~software/e-commerce-with-medusa-js,1,713,1904,1,1,85,3,2,1,71,136,303,0,268,24.8,0,
~software/medusa-js-e-commerce-consumer-behavior,1,669,1578,1,1,85,3,2,1,73,148,301,1,156,14.3,0,
~software/medusa-js-success-stories,1,707,2441,1,1,84,3,2,1,56,151,309,7,1098,17.9,49,23
~software/how-medusajs-solves-e-commerce-pain-points,1,682,3532,1,1,86,3,2,1,52,156,321,1,1102,17.3,0,
~software/top-medusa-js-features,1,735,1673,1,1,85,3,2,1,50,112,301,3,1764,14.9,16,4
~software/reasons-to-choose-medusa-js-advantages-and-benefits,1,707,4101,1,1,88,3,2,1,61,155,328,3,524,15.4,0,
~software/best-practices-of-strapi-plugins,1,741,2268,1,1,105,3,2,1,90,163,315,0,406,18.9,0,
~software/strapi-vs-ghost-2,1,710,2046,1,1,100,3,2,1,78,155,309,9,1234,7.6,24,25
~software/mastering-agile-frameworks,1,703,7341,1,0,119,3,2,1,56,131,350,3,4976,25.5,28,4
~ecommerce/ecommerce-platforms-b2b-d2c,1,700,7752,1,1,135,5,2,1,46,143,358,0,1896,20.9,16,5
~ecommerce/ecommerce-in-indonesia,1,724,6205,1,1,118,5,2,1,50,142,349,2,7358,22.2,16,16
~ecommerce/ecommerce-in-malaysia,1,721,6549,1,1,114,3,2,1,58,146,344,3,2163,48.2,51,16
~software/software-development-standards,1,855,1900,1,0,95,5,2,1,59,106,299,0,1309,41.9,0,
~software/software-development-process-2,1,1271,2497,1,0,99,6,2,1,56,125,304,0,80,33.4,0,
~software/scope-of-mobile-app-development,1,565,3264,1,0,108,7,2,1,54,132,313,28,1818,49.8,51,28
~technologies/ai-chatbots-for-startups,1,836,1802,1,0,97,5,2,1,55,129,299,0,97,28.5,0,
~ui-ux/software-design-visuals-and-usability,1,706,2259,1,0,104,6,2,1,59,135,305,2,1188,20.5,15,8
~ecommerce/e-commerce-platform-online-store,1,717,2284,1,0,100,6,3,1,59,102,303,0,430,66.3,0,
~technologies/serverless-architecture,1,720,2366,1,0,101,4,2,1,60,150,303,1,824,26.5,0,
~technologies/passwordless-authentication,1,727,2454,1,0,97,5,2,1,59,146,304,0,591,31.5,0,
~software/security-in-software-development,1,778,2412,1,0,117,5,2,1,50,107,306,1,1121,39.2,0,
~software/optimizing-software-performance,1,692,2125,1,0,104,6,2,1,54,135,302,0,5946,28.5,21,8
~technologies/3-step-guide-for-singpass-integration,1,742,1918,1,0,93,12,2,1,38,154,309,3,2537,23.2,26,40
,0,532,969,1,0,92,51,40,1,59,196,390,210,5289,5.8,1776,24
web-development,3,521,852,1,0,80,34,23,0,30,139,366,0,55,15.7,15,3
mobile-development,3,852,828,1,0,80,34,23,0,33,133,358,0,183,12.2,0,
mvp-development,3,840,805,1,0,80,34,23,0,26,138,358,0,76,18.8,0,
cms-development-services,3,636,660,1,0,80,29,22,0,26,143,348,1,67,26.9,15,6
software-product-discovery,3,625,696,1,0,80,25,18,0,28,143,339,0,103,13,0,
ui-ux-design-services,3,664,532,1,0,80,31,24,0,23,132,343,1,92,30.6,0,
how-we-work,3,645,686,1,0,77,33,22,1,48,134,331,1,96,13.4,0,
d2c-ecommerce-development-services,3,669,775,1,0,80,31,24,0,36,138,362,0,1157,22.6,0,
b2b-ecommerce-development-services,3,663,754,1,0,80,31,24,0,36,142,362,0,96,24.4,0,
b2c-ecommerce-development-services,3,638,774,1,0,80,31,24,0,36,130,362,0,545,22.1,20,2
contact,3,639,215,1,0,76,18,18,1,32,137,273,0,235,5.9,39,12
~,1,836,376,1,0,111,15,2,1,51,133,301,0,404,8.8,184,34
above-diamond-ecommerce,3,704,818,1,0,77,19,18,0,58,184,324,1,53,19.2,22,53
ecommerce-solutions,3,737,588,1,0,79,22,22,1,30,30,309,0,0,,0,
startup-solutions,3,818,528,1,0,79,22,22,1,28,28,305,1,103,8.7,0,
ai-solutions,3,668,560,1,0,79,22,22,1,23,23,316,0,0,,0,
sme-solutions,3,667,507,1,0,79,22,22,1,24,24,316,0,0,,0,
fintech-software-development,3,686,891,1,0,78,17,17,0,39,144,351,0,63,24.8,15,38
strapi-js-development-services,3,676,691,1,0,80,29,22,0,32,139,348,0,97,54.4,0,
usecases,3,803,363,1,0,93,5,5,1,47,143,277,0,215,11.3,18,85
custom-ecommerce-development,3,722,947,1,0,78,32,32,0,39,124,408,0,74,17.3,15,38
technologies,2,844,760,1,0,78,26,26,0,50,141,341,1,217,9.2,0,
e-books,3,761,333,1,0,78,6,6,1,50,144,274,0,134,10.6,0,
shopify-development-services,3,810,1177,1,0,80,24,17,0,30,30,363,0,0,,0,
sanity-development-services,3,739,842,1,0,80,24,17,0,29,29,355,0,826,24,0,
ruby-on-rails-development-services,3,786,722,1,0,80,30,23,0,36,133,349,0,135,42,0,
react-native-development-services,3,709,702,1,0,80,29,22,0,35,35,347,0,0,,0,
react-js-development-services,3,749,680,1,0,80,30,23,0,31,150,348,0,0,,0,
professional-node-js-development-services,3,702,683,1,0,80,30,23,0,30,30,349,0,0,,0,
medusa-js-development-services,3,728,676,1,0,80,29,22,0,32,134,346,1,855,26.1,0,
hydrogen-development-services,3,692,832,1,0,80,23,16,0,31,31,342,0,517,33.5,0,
ai-consulting-services,3,638,556,1,0,79,19,12,0,33,130,312,0,134,14.7,15,7
generative-ai-development,3,662,674,1,0,79,18,11,0,36,134,326,0,0,,0,
data-analytics-services,3,634,618,1,0,79,23,16,0,34,135,324,0,88,18.4,0,
machine-learning-model-engineering,3,629,588,1,0,79,25,18,0,45,129,322,0,92,23.2,0,
computer-vision-development,3,663,603,1,0,79,20,13,0,38,128,322,0,74,23.6,0,
cerebro-ai-driven-crypto,3,640,714,1,0,78,18,18,0,37,121,320,0,238,5.3,20,68
paint-manufacturing,3,659,702,1,0,78,15,15,0,30,133,313,0,56,15.6,0,
woocommerce-development,3,626,399,1,0,78,9,2,0,34,154,285,0,0,,0,
wordpress-development,3,633,397,1,0,78,9,2,0,32,154,285,0,0,,0,
generative-ai-integration,3,625,737,1,0,79,18,11,0,36,131,348,0,126,21.6,0,
careers,3,615,259,1,0,77,31,31,0,42,135,273,17,869,8,32,6
ai-driven-software-development,3,656,748,1,0,76,2,2,0,44,145,336,0,0,,0,
company,3,627,601,1,0,79,28,28,4,47,144,318,1,674,7.5,53,9
payload-cms-development,3,652,468,1,0,78,9,2,0,34,139,291,5,487,22.9,0,
eyeset-mobile-application,3,632,842,1,0,77,6,6,0,38,119,305,0,1311,6.3,0,
delivery-framework,3,628,652,1,0,76,2,2,0,42,145,313,2,198,18.2,0,
testimonials,6,738,537,1,0,79,20,7,0,46,139,373,1,55,6.6,0,
showcases,5,661,261,1,0,88,2,2,0,60,137,268,0,0,,0,
case-studies,3,703,257,1,0,84,10,10,1,52,139,268,1,173,7.1,16,8
guides,3,732,454,1,0,80,10,10,1,64,140,300,0,545,11.5,0,
manufacturing,3,675,703,1,0,78,26,26,0,45,144,327,0,137,8.6,0,
elixir-phoenix-development,3,666,599,1,0,78,28,21,0,39,145,323,0,240,19.8,0,
nest-js-development,3,726,400,1,0,78,9,2,0,30,138,287,0,0,,0,
generative-ai-consulting,3,642,522,1,0,79,18,11,0,35,144,303,0,0,,0,
ai-poc-development,3,661,653,1,0,79,19,12,0,29,131,319,0,0,,0,
machine-learning-development-services,3,654,605,1,0,79,25,18,0,48,138,326,0,0,,0,
ai-development-services,3,618,619,1,0,79,19,12,0,34,138,326,0,0,,0,
ai-chatbot-development,3,622,634,1,0,79,19,12,0,33,138,328,0,0,,0,
habbit-sg,3,660,514,1,0,77,2,2,0,34,13,292,0,68,8.6,0,
wawasan-dengkil-order-management-platform,3,644,738,1,0,80,15,15,0,54,54,334,0,0,,0,
videos,3,666,203,1,0,76,3,3,1,17,54,254,0,60,7.2,0,
privacy,3,647,2580,1,0,79,2,2,1,25,154,277,1,131,5.9,18,9
ai-agent-development,3,723,596,1,0,79,19,12,0,31,31,323,0,0,,0,
ai-copilot-development,3,617,726,1,0,79,18,11,0,33,33,340,0,0,,0,
next-js-development,3,643,618,1,0,78,23,16,0,30,30,313,0,0,,0,
~showcase/ring-configurator,1,723,212,0,0,80,2,2,0,42,105,253,0,0,,0,
~showcase/wordpress-%e2%86%92-payload-cms-migration,1,1171,376,1,0,111,15,2,1,51,133,301,0,0,,0,
~testimonial/paint-manufacturer,1,622,211,0,0,76,2,2,0,43,114,252,0,0,,0,
~testimonial/wawasan-dengkil,1,453,208,0,0,76,2,2,0,40,131,252,0,0,,0,
~testimonial/eyeset,1,713,212,0,0,76,2,2,0,31,133,252,0,0,,0,
~testimonial/cerebro,1,722,214,0,0,76,2,2,0,32,136,252,0,0,,0,
~testimonial/above,1,688,215,0,0,76,2,2,0,30,145,252,0,0,,0,
usecase/ai-driven-crypto-investment-recommendations,3,693,5735,0,0,87,8,2,1,54,159,323,0,376,14.6,0,
usecase/ai-for-manufacturing,3,647,5441,0,0,83,7,2,1,46,158,317,0,113,16.5,0,
usecase/ai-solutions-for-retail-ecommerce,3,729,5701,0,0,83,8,2,1,45,156,319,0,158,14.8,0,
~category/product-development,1,718,230,1,0,92,7,2,1,44,0,271,0,0,,0,
~category/software,1,784,276,1,0,111,12,2,1,33,0,284,0,0,,14,2
~category/ui-ux,1,770,281,1,0,108,12,2,1,30,0,283,0,0,,0,
~category/technologies,1,836,265,1,0,107,12,2,1,37,0,283,0,0,,0,
~category/ecommerce,1,798,272,1,0,107,12,2,1,35,0,283,0,0,,0,
~category/ai,1,902,206,1,0,89,6,2,1,27,0,268,0,0,,0,
~industry/ecommerce,1,793,178,1,0,77,2,2,1,34,0,252,0,0,,0,
~industry/fintech,1,734,177,1,0,77,2,2,1,32,0,252,0,0,,0,
~industry/mobility,1,771,175,1,0,77,2,2,1,33,0,252,0,0,,0,
~industry/operations,1,640,172,1,0,77,2,2,1,35,0,252,0,0,,0,
~industry/manufacturing,1,1136,376,1,0,111,15,2,1,51,133,301,0,0,,0,
~service/headless-commerce,1,491,179,1,0,77,2,2,1,42,0,252,0,0,,0,
~service/ai-ml,1,582,179,1,0,77,2,2,1,32,0,252,0,0,,0,
~service/mobile-backend,1,597,177,1,0,77,2,2,1,41,0,252,0,0,,0,
~service/web-mobile,1,705,174,1,0,77,2,2,1,37,0,252,0,0,,0,
~service/mes-lite-platform,1,547,176,1,0,77,2,2,1,42,0,252,0,0,,0,
~showcase-category/ecommerce,1,594,170,1,0,77,2,2,1,34,0,252,0,0,,0,
~showcase-category/cms-migration,1,577,174,1,0,77,2,2,1,38,0,252,0,0,,0,
utype/insight,3,617,337,1,0,82,5,5,1,32,0,255,0,0,,0,
