~/software/mastering-web-development,1,758,4339,1,0,209,15,3,1,125,157,356
~/ecommerce/rfq-quote-to-order-b2b-ecommerce,1,754,2005,1,1,126,8,3,1,41,120,312
~/ecommerce/outgrow-shopify-d2c,1,1187,1910,1,1,129,8,3,1,43,118,312
~/ecommerce/composable-commerce-d2c,1,1192,1940,1,1,127,7,3,1,48,108,312
~/ecommerce/headless-commerce-vs-shopify-sea,1,828,1805,1,1,128,8,3,1,55,106,313
~/ecommerce/b2b-ecommerce-vs-b2c,1,874,2181,1,1,126,7,3,1,48,138,313
~/ecommerce/marketplace-development-cost,1,837,2332,1,1,127,7,3,1,56,128,316
~/ecommerce/ecommerce-inventory-management-integration,1,822,2274,1,0,123,6,5,1,108,144,313
~/ecommerce/multi-warehouse-ecommerce-inventory,1,810,2061,1,0,123,8,7,1,87,237,313
~/ecommerce/marketplace-platform-limitations,1,767,2101,1,0,123,8,7,1,82,146,311
~/ecommerce/build-a-marketplace-in-singapore,1,753,2266,1,0,126,7,3,1,60,139,313
~/ecommerce/custom-marketplace-development,1,960,2564,1,1,127,7,3,1,58,159,319
~/ecommerce/medusa-js-marketplace,1,789,1782,1,1,127,7,3,1,49,146,312
~/ecommerce/b2b-payment-terms-ecommerce,1,943,1817,1,1,123,8,3,1,45,141,311
~/ecommerce/marketplace-payment-splitting,1,759,1886,1,1,125,7,3,1,57,146,312
~/ecommerce/marketplace-architecture,1,712,1955,1,1,128,7,3,1,56,144,312
~/ecommerce/arcadier-and-cs-cart-alternatives,1,703,1934,1,1,126,7,3,1,52,146,314
~/ecommerce/woocommerce-or-wix-marketplace,1,835,2004,1,1,126,7,3,1,58,142,313
~/ecommerce/migrate-from-sharetribe,1,815,2171,1,1,126,7,3,1,54,143,313
~/ecommerce/sharetribe-alternatives,1,864,2102,1,1,126,7,3,1,51,152,313
~/ecommerce/custom-vs-saas-marketplace,1,894,1937,1,1,130,7,3,1,54,156,313
~/software/why-choose-a-strapi-development-company,1,768,2042,1,0,150,11,3,1,51,148,318
~/software/agile-case-studies,1,1020,4389,1,0,154,17,3,1,49,136,348
~/ecommerce/ecommerce-web-development-singapore,1,839,2272,1,0,124,10,4,1,58,128,315
~/software/estimate-development-time,1,1298,2783,1,0,150,9,3,1,72,125,323
~/software/web-design-and-development,1,952,2896,1,0,145,12,3,1,51,154,327
~/ecommerce/outgrow-no-code-marketplace,1,1029,2110,1,1,126,7,3,1,55,136,314
~/software/strapi-vs-drupal,1,993,2457,1,1,139,4,3,1,54,102,323
~/ecommerce/medusa-js-vs-shopify-marketplace,1,1058,2128,1,1,128,7,3,1,48,140,315
~/ecommerce/medusa-js-multi-vendor-architecture,1,857,1838,1,1,126,7,3,1,50,148,312
~/ecommerce/is-medusa-js-right-for-your-marketplace,1,998,1838,1,1,128,7,3,1,47,151,312
~/software/disadvantages-of-medusa-js,1,1232,3162,1,1,131,4,3,1,89,155,328
~/ecommerce/ecommerce-erp-integration,1,908,3364,1,0,123,8,7,1,54,149,320
~/ecommerce/custom-ecommerce-platform-development-for-growth,1,1165,3228,1,0,132,9,5,1,73,154,322
~/software/modernizing-software-for-quality-control,1,1013,1329,1,0,123,7,6,1,63,141,306
~/software/predictability-in-software-engineering,1,934,1279,1,0,123,8,4,1,87,141,306
~/software/software-development-project-management,1,1047,3356,1,1,183,19,4,1,57,113,340
~/software/avoiding-software-project-failure,1,1017,1857,1,0,123,8,4,1,57,123,311
~/software/web-development-jobs,1,972,1852,1,0,159,9,4,1,42,136,317
~/software/optimize-web-app-with-webassembly,1,1092,3175,1,0,141,15,4,1,52,139,328
~/software/top-strapi-development-companies,1,927,3001,1,0,154,18,16,1,53,107,333
~/technologies/multi-factor-authentication,1,899,2945,1,0,136,6,4,1,50,150,318
~/ecommerce/medusa-b2b-ecommerce-platform,1,870,2801,1,0,132,9,6,1,74,126,317
~/ecommerce/medusa-approval-workflows,1,887,2790,1,0,135,9,4,1,82,128,317
~/ecommerce/ecommerce-website-building,1,884,7611,1,0,174,7,3,1,54,146,369
~/technologies/technologies-web-development,1,897,4213,1,0,170,9,5,1,43,144,339
~/ecommerce/7-signs-youre-ready-for-a-custom-e-commerce-platform,1,900,4262,1,0,139,4,3,1,78,145,326
~/software/top-mobile-app-development-companies-in-vietnam,1,878,2578,1,0,139,17,3,1,52,139,323
~/ui-ux/role-information-architecture,1,838,2408,1,0,135,7,4,1,36,111,312
~/software/api-security-andauthentication,1,892,2475,1,1,149,4,3,1,60,145,323
~/software/singapores-tech-workforce,1,920,2106,1,0,143,9,3,1,91,114,317
~/ecommerce/building-ecommerce-systems,1,820,3026,1,0,124,4,3,1,43,130,321
~/ui-ux/ux-design-trends,1,1072,2505,1,0,142,7,4,1,57,134,317
~/software/user-adoption-strategies,1,970,1918,1,0,150,11,3,1,60,152,316
~/technologies/low-code-no-code,1,821,2094,1,0,149,5,3,1,58,102,315
~/ecommerce/medusa-marketplace-architecture,1,938,2807,1,0,135,9,3,1,55,156,316
~/ecommerce/medusa-erp-integration-for-scalable-b2b-commerce,1,624,2816,1,0,133,9,3,1,48,152,317
~/ecommerce/medusa-b2b-pricing-open-source-engine-for-complex-deals,1,755,2866,1,0,135,9,3,1,81,153,318
~/ai/ai-consulting-services-for-modern-enterprises,1,699,2193,1,0,127,10,3,1,68,142,315
~/ai/generative-ai-in-the-integration,1,768,1916,1,0,126,9,3,1,67,190,312
~/ai/production-ai-development-from-prototype-to-scale,1,718,2934,1,0,135,9,3,1,75,158,320
~/ai/why-ai-fails-in-production,1,840,2876,1,0,128,9,6,1,51,158,317
~/technologies/headless-commerce-risks-costs-complexity-and-tradeoffs,1,889,2947,1,0,131,8,4,1,82,150,321
~/technologies/rewrite-vs-refactor-legacy-system,1,755,2743,1,0,133,9,3,1,74,97,316
~/technologies/software-product-discovery,1,820,2341,1,0,132,9,8,1,48,164,315
~/ecommerce/dc2-ecommerce-trends,1,662,3162,1,0,129,7,3,1,73,164,320
~/technologies/machine-learning-consulting-companies,1,590,2091,1,0,131,8,3,1,49,179,312
~/product-development/mobile-app-development-singapore,1,720,2017,1,0,127,8,3,1,49,129,312
~/software/mvp-software-development-services,1,654,2225,1,0,123,8,3,1,57,163,313
~/ecommerce/headless-b2b-ecommerce-development,1,763,1830,1,0,123,8,3,1,53,144,313
~/software/risk-management-in-software-development,1,789,2712,1,0,159,15,3,1,47,158,330
~/software/user-centric-web-experiences-for-singapore-companies,1,828,2125,1,0,139,11,3,1,62,157,319
~/software/mobile-app-trends-singapore,1,975,2161,1,0,154,13,3,1,39,158,320
~/software/gain-a-competitive-advantage-with-custom-software-development,1,902,1922,1,0,150,16,3,1,86,156,319
~/software/top-web-development-frameworks-in-singapore,1,922,1969,1,0,150,21,3,1,48,155,322
~/software/troubleshooting-and-bug-fixes,1,932,2039,1,0,147,12,3,1,58,135,320
~/software/front-end-development-in-singapore,1,808,2455,1,0,162,19,3,1,62,154,330
~/software/front-end-development-in-singapore-2,1,872,2458,1,0,162,19,3,1,62,154,330
~/software/tech-careers-in-singapore,1,903,2215,1,0,168,13,3,1,60,157,322
~/software/vietnam-destination-for-software-development,1,817,2428,1,0,157,15,3,1,61,143,327
~/software/digital-transformation-strategies,1,796,2534,1,0,166,15,3,1,55,155,326
~/software/developer-portfolio-guide-for-singapore-tech-professionals,1,813,2304,1,0,144,15,3,1,60,125,323
~/software/top-backend-technologies-guide-for-singapore-companies,1,786,3166,1,0,160,20,3,1,70,144,338
~/ui-ux/ux-design-trends-in-singapore,1,904,1987,1,0,160,12,3,1,53,138,319
~/software/local-seo-boost-singapore-tech-business,1,1271,2745,1,0,138,15,3,1,53,149,325
~/software/custom-software-development-for-the-retail-industry,1,901,2293,1,0,153,14,3,1,79,156,326
~/software/software-engineering-education-in-singapore,1,1223,2398,1,0,140,12,3,1,58,152,322
~/software/training-and-support-after-software-implementation,1,986,2281,1,0,151,11,3,1,58,150,320
~/software/startup-funding-in-singapore,1,883,2583,1,0,149,15,3,1,74,153,330
~/software/vietnam-destinations-cost-effective-outsourcing,1,888,1875,1,0,141,9,3,1,93,109,317
~/software/cybersecurity-challenges-in-singapore,1,984,2030,1,0,137,10,3,1,70,105,317
~/software/government-support-for-software-development-in-vietnam,1,820,1741,1,0,145,9,3,1,59,89,316
~/software/blockchain-and-cryptocurrency-in-2024-singapores-tech-industry,1,777,2121,1,0,139,11,3,1,78,146,319
~/technologies/navigating-cloud-computing-essential-solutions-for-singapores-tech-innovators,1,944,2249,1,0,152,13,3,1,104,154,323
~/software/benefits-and-risks-integrating-ai-and-ml,1,737,2439,1,0,164,16,3,1,61,140,327
~/software/web-development-data-privacy,1,1320,2480,1,0,133,11,3,1,51,121,321
~/software/top-project-management-tools,1,1090,2883,1,0,160,10,3,1,87,156,330
~/software/singapores-tech-talent,1,965,3102,1,0,144,10,3,1,57,110,326
~/technologies/tech-trends-in-singapore,1,891,2254,1,0,153,12,3,1,46,112,324
~/software/ai-and-ml-software-development,1,593,2822,1,0,155,14,3,1,86,143,326
~/software/singapores-startup-ecosystem,1,711,2850,1,0,156,13,3,1,56,128,330
~/software/off-the-shelf-solutions,1,1036,2194,1,0,142,8,3,1,55,147,316
~/software/app-modernization-services-in-vietnam,1,971,2606,1,0,161,25,3,1,113,153,332
~/software/affordable-tech-solutions-singapore,1,932,2880,1,0,141,22,3,1,69,123,331
~/software/system-integration,1,836,1815,1,0,146,8,3,1,59,117,315
~/software/choose-right-development-team,1,861,3349,1,0,151,9,3,2,58,176,330
~/software/software-development-partner,1,744,3093,1,0,161,11,3,1,84,109,327
~/software/javascript-frameworks-trends-dominance-emerging-contenders,1,893,1761,1,0,143,8,3,1,59,122,315
~/software/low-code-no-code-web-development,1,873,1935,1,0,159,8,3,1,54,146,318
~/software/headless-cms-web-development,1,827,2022,1,0,149,10,3,1,60,138,318
~/software/ai-in-web-development,1,820,1788,1,0,151,10,3,1,57,128,317
~/software/headless-commerce-development,1,763,1779,1,0,143,9,3,1,59,134,315
~/software/developer-upskilling-programs-singapore,1,762,1919,1,0,134,11,3,1,47,140,315
~/software/government-grants-for-small-businesses-singapore,1,746,1823,1,0,138,11,3,1,56,154,317
~/software/affordable-web-design-ux-in-singapore,1,736,1967,1,0,139,12,3,1,44,133,314
~/software/version-control-and-collaboration-in-web-development,1,803,2531,1,0,144,13,3,1,57,156,321
~/software/choosing-the-right-it-company-in-singapore,1,737,5012,1,0,196,10,3,1,54,156,354
~/software/web3-dapp,1,798,2655,1,0,137,12,3,1,60,122,322
~/software/custom-software-development-process,1,855,3215,1,0,179,12,3,1,60,121,332
~/software/ensuring-digital-transformation-strategy-adapts-to-technological-advancements,1,883,2619,1,0,141,12,3,1,82,148,323
~/software/cost-of-software-development-in-vietnam,1,850,3008,1,0,133,13,3,1,56,134,323
~/software/software-scalability,1,929,3253,1,0,154,13,3,1,48,106,330
~/software/data-privacy-regulations,1,861,2799,1,0,142,13,3,1,53,135,322
~/software/back-end-development-serverless-architectures-and-cloud-functions,1,871,3140,1,0,141,14,3,1,69,125,328
~/software/custom-development-services-for-strapi,1,841,2334,1,0,154,7,3,1,59,128,321
~/software/types-of-strapi-custom-development-services,1,758,3193,1,0,161,8,3,1,53,134,330
~/software/case-studies-of-custom-development-projects-with-strapi,1,1112,2903,1,0,140,17,3,1,59,77,325
~/software/strapi-custom-development-services,1,1079,2337,1,0,144,9,3,1,80,156,318
~/software/select-top-custom-development-services-for-strapi,1,1521,1672,1,0,139,8,3,1,57,164,313
~/software/exploring-strapi-plugins,1,1427,1853,1,0,127,5,3,1,86,160,312
~/software/protecting-data-and-systems,1,1128,2482,1,0,146,12,3,1,59,147,322
~/software/software-development-and-digital-transformation-budget-roadmap,1,1148,3140,1,0,152,15,3,1,57,115,333
~/software/seo-for-single-page-applications,1,888,2853,1,0,144,12,3,1,61,147,324
~/software/progressive-enhancement-and-inclusive-design,1,843,3632,1,0,152,17,3,1,57,143,330
~/software/testing-frameworks-continuous-integration,1,1021,2542,1,0,142,13,3,1,57,145,324
~/software/features-of-custom-software,1,766,2458,1,0,153,11,3,1,53,141,322
~/software/leverage-digital-transformation,1,750,2802,1,0,153,10,3,1,55,152,328
~/software/business-strategy-and-goals,1,752,3017,1,0,161,10,3,1,54,105,330
~/software/pwas-vs-native-apps,1,767,2589,1,0,142,10,3,1,86,136,321
~/software/software-development-cost,1,794,2742,1,0,154,12,4,1,103,116,325
~/software/task-runners-and-build-automation-tools,1,793,2593,1,0,142,9,3,1,42,115,322
~/software/ongoing-maintenance-and-subscription-fees,1,867,3432,1,0,143,16,3,1,58,119,332
~/software/cdns-content-delivery-networks,1,937,2789,1,0,137,12,3,1,58,149,323
~/software/backend-development-and-apis,1,869,3030,1,0,153,14,3,1,58,122,326
~/software/roi-in-software-development,1,864,2792,1,0,154,13,3,1,47,118,324
~/ecommerce/what-is-ecommerce,1,872,6132,1,0,170,21,3,1,53,112,354
~/software/outsource-web-development-services,1,744,3610,1,0,174,15,3,1,55,141,337
~/software/12-agile-principles,1,862,2887,1,0,155,17,3,1,49,132,332
~/software/security-concerns-in-mobile-app-development,1,803,2502,1,0,145,15,3,1,80,120,321
~/software/what-is-agile-methodology,1,872,2942,1,0,147,11,3,1,53,128,324
~/software/ai-in-software-development,1,769,6587,1,0,178,5,3,1,48,126,359
~/software/agile-vs-waterfall,1,1090,4650,1,0,143,5,3,1,56,139,341
~/ecommerce/b2b-ecommerce,1,922,5457,1,0,145,10,6,1,62,134,345
~/ecommerce/ecommerce-in-japan,1,871,7887,1,0,155,6,3,1,56,138,368
~/ecommerce/ecommerce-in-philippines,1,849,7505,1,0,164,7,3,1,59,137,364
~/ecommerce/ecommerce-in-vietnam,1,695,8316,1,0,155,7,3,1,58,148,371
~/ecommerce/ecommerce-enablers,1,701,7304,1,0,184,6,3,1,47,141,369
~/ecommerce/ecommerce-marketing,1,833,8500,1,0,156,6,3,1,56,107,370
~/ecommerce/e-commerce-for-services,1,837,5895,1,0,154,7,3,1,59,135,348
~/software/strapi-development-company,1,830,2531,1,0,154,9,3,1,48,157,325
~/software/cost-of-hiring-a-strapi-development-company,1,774,2656,1,0,139,6,3,1,51,161,323
~/software/find-the-best-strapi-development-company,1,826,2195,1,0,162,7,3,1,56,142,318
~/software/customization-in-medusa-js,1,750,2261,1,1,125,4,3,1,55,155,323
~/ecommerce/ecommerce-strategy,1,898,9676,1,0,161,6,3,1,60,134,390
~/software/managing-offshore-software-teams,1,811,3640,1,0,156,13,3,1,99,150,335
~/software/microservices-vs-monolithic,1,941,2604,1,0,143,12,3,1,58,144,324
~/software/4-agile-core-values,1,943,2165,1,1,149,9,3,1,58,149,321
~/software/agile-software-development,1,919,1826,1,1,150,8,3,1,56,141,319
~/ecommerce/ecommerce-trends,1,906,7964,1,1,157,6,3,1,57,143,367
~/ecommerce/type-of-ecommerce,1,763,8984,1,1,150,11,7,1,43,146,379
~/technologies/headless-ecommerce,1,781,2321,1,0,143,5,3,1,43,130,315
~/software/software-quality-non-technical-ceo,1,797,2688,1,0,140,7,3,1,57,145,318
~/software/high-quality-software,1,800,1769,1,0,138,5,3,1,60,114,309
~/technologies/production-ai-vs-prototype-ai-why-most-systems-fail-after-the-demo,1,792,3563,1,0,136,7,3,1,92,143,324
~/ecommerce/mobile-first-ux-for-sea-e-commerce-2,1,786,2146,1,0,124,4,3,1,86,156,312
~/software/top-strapi-plugins,1,782,3602,1,1,139,4,3,1,86,115,335
~/software/strapi-vs-joomla-2,1,729,2111,1,1,128,4,3,1,45,101,319
~/technologies/deploying-ai,1,771,3680,1,0,139,9,7,1,47,153,325
~/software/7-signs-your-sme-needs-custom-software-instead-of-more-saas-tools,1,764,2895,1,0,124,4,3,1,71,155,318
~/ui-ux/mobile-first-ux-for-sea-e-commerce,1,758,2565,1,0,126,5,3,1,56,123,316
~/technologies/vibe-coding,1,738,3161,1,0,123,4,3,1,56,156,317
~/ecommerce/b2b-workflows,1,743,2772,1,0,124,4,3,1,66,113,317
~/ecommerce/software-cost-estimation,1,750,3636,1,0,123,8,3,1,58,132,325
~/ecommerce/e-commerce-in-asia,1,774,8757,1,1,166,6,3,1,58,145,379
~/ecommerce/ecommerce-in-singapore,1,753,7914,1,1,164,6,3,1,53,127,371
~/ecommerce/ecommerce-in-china,1,799,8432,1,1,139,6,3,1,53,145,372
~/ecommerce/ecommerce-in-india,1,802,8290,1,1,135,6,3,1,54,145,369
~/ecommerce/ecommerce-business,1,997,6965,1,1,139,7,3,1,60,118,357
~/ecommerce/ecommerce-logistic,1,981,9617,1,1,149,10,6,1,58,108,387
~/software/it-companies-in-singapore,1,1172,3872,1,0,178,25,3,1,57,110,349
~/software/digital-transformation-strategies-for-singaporean-enterprises,1,1144,3312,1,0,147,15,3,1,98,157,334
~/software/web-development-in-singapore,1,1335,3420,1,0,148,15,3,1,109,152,330
~/software/choosing-the-right-app-development-company-for-smes-in-singapore,1,1519,2859,1,0,170,14,3,1,89,158,332
~/software/mobile-first-development,1,1067,2235,1,0,148,13,3,1,56,156,319
~/software/vietnams-software-development-industry,1,1439,2316,1,0,160,14,3,1,47,128,324
~/software/creating-accessible-software,1,770,2213,1,0,145,12,3,1,68,106,319
~/software/top-web-development-companies-in-vietnam-leading-the-way-in-digital-innovation,1,951,2465,1,0,157,16,3,1,104,148,325
~/software/budget-friendly-tech-solutions-for-singapore,1,992,1906,1,0,126,11,3,1,68,158,314
~/software/leading-generative-ai-development-services-providers-in-vietnam-transforming-industries-and-driving-innovation,1,942,1784,1,0,129,14,3,1,136,157,317
~/software/hiring-a-strapi-development-company,1,921,2181,1,0,138,10,3,1,59,119,317
~/software/benefits-of-custom-strapi-development-services,1,970,6816,1,0,186,8,3,1,54,130,368
~/product-development/minimum-viable-product-approach-guide,1,792,2427,1,0,125,10,4,1,58,132,313
~/product-development/the-ultimate-guide-to-mvp,1,915,1243,1,0,134,13,3,1,55,150,308
~/technologies/corppass-and-singpass,1,873,1336,1,0,133,11,3,1,56,152,310
~/product-development/building-success-with-a-mvp,1,904,4400,1,0,145,16,3,1,52,142,342
~/product-development/product-roadmap-starup,1,909,1864,1,0,134,7,3,1,57,108,310
~/ui-ux/ux-in-product-development,1,901,2420,1,0,135,7,3,1,51,110,314
~/ui-ux/a-digital-product-with-ux-design,1,874,2059,1,0,137,8,4,1,45,86,310
~/ui-ux/sketching-startup-product-development,1,835,2059,1,0,134,7,4,1,52,129,311
~/ui-ux/user-flow-for-startup-founder,1,833,2173,1,0,136,7,4,1,58,104,312
~/ui-ux/the-power-of-ux-wireframes,1,1032,2328,1,0,137,8,4,1,57,99,312
~/technologies/responsive-design,1,1007,2234,1,0,134,7,4,1,52,136,311
~/ui-ux/power-interactive-prototypes,1,1081,1976,1,0,136,7,4,1,52,137,309
~/technologies/exploring-headless-cms,1,1063,2250,1,0,133,6,4,1,52,119,312
~/software/non-functional-requirements,1,958,2258,1,0,141,5,3,1,51,133,313
~/software/functional-requirements,1,945,1735,1,0,144,6,3,1,58,141,309
~/software/accessibility-product-development,1,990,2362,1,0,145,7,3,1,54,133,316
~/software/usability-product-development,1,974,2349,1,0,148,6,3,1,49,139,315
~/technologies/mobile-app-development,1,939,4264,1,0,143,9,3,1,49,120,335
~/ecommerce/data-driven-decision-making-leveraging-analytics-in-medusa-js,1,1030,3558,1,0,123,5,4,1,87,156,328
~/technologies/the-new-rules-for-a-predictable-investor-ready-mvp-in-2026,1,975,3948,1,0,123,9,3,1,84,155,329
~/technologies/legacy-system-modernization,1,1004,4490,1,0,123,9,3,1,60,156,332
~/technologies/machine-learning-for-smes,1,907,2675,1,0,124,4,3,1,70,105,317
~/ui-ux/app-design-in-2026-best-practices-trends-top-tools-for-modern-apps,1,846,1754,1,0,123,4,3,1,95,156,307
~/ecommerce/the-hidden-costs-of-manual-b2b-workflows-for-singapore-smes,1,765,3483,1,0,123,4,3,2,84,68,325
~/ecommerce/data-driven-ux-for-singapore-ecommerce,1,795,2275,1,0,124,4,3,1,38,161,314
~/ecommerce/why-open-source-drives-superior-roi-for-b2b-e-commerce,1,835,2952,1,0,124,4,3,1,54,156,316
~/ecommerce/use-ai-on-medusa-js-drive-sales,1,823,1745,1,0,123,4,3,1,47,135,306
~/ecommerce/singapore-b2b-e-commerce-in-q4,1,945,3063,1,0,123,4,3,1,117,157,319
~/ecommerce/singapore-b2b-ai-integrationn,1,855,2821,1,0,123,4,3,1,28,165,315
~/ecommerce/medusa-js-vs-shopify-plus-for-b2b-in-singapore,1,989,2691,1,0,124,4,3,1,46,138,320
~/ecommerce/b2b-ecommerce-for-singapore,1,979,2281,1,0,123,4,3,1,59,151,309
~/ecommerce/singapore-ecommerce-compliance-taxes-data-and-rules,1,1073,3555,1,0,123,4,3,1,53,140,320
~/ecommerce/medusa-js-ecommerce-maintenance-checklist,1,1064,894,1,0,123,4,3,1,100,142,302
~/ecommerce/ecommerce-tech-stack-medusa,1,1145,1296,1,0,123,4,3,1,51,153,310
~/ecommerce/quote-based-ordering-in-b2b,1,983,5165,1,0,123,4,3,1,93,240,345
~/ecommerce/net-payment-terms-in-b2b,1,887,3328,1,0,123,4,3,1,94,157,321
~/ecommerce/price-negotiation-chat-in-b2b,1,874,2381,1,0,125,4,3,1,119,317,317
~/ecommerce/b2b-subscription-ordering,1,830,3135,1,0,123,4,3,1,103,156,322
~/ecommerce/request-for-quote-rfq-system,1,690,3319,1,0,131,4,3,1,114,124,325
~/ecommerce/custom-quote-approvals-in-b2b,1,890,2277,1,0,137,4,3,1,112,154,317
~/ecommerce/flexible-business-models-with-medusa-js,1,792,1744,1,1,123,4,3,1,57,146,313
~/ecommerce/enhancing-customer-experience-in-e-commerce-with-medusa-js,1,889,1721,1,0,123,4,3,1,83,154,309
~/ecommerce/optimizing-checkout-experiences-with-medusa-js-best-practices,1,796,2254,1,0,126,4,3,1,87,99,316
~/ecommerce/reorder-feature-for-b2b-customers,1,788,1969,1,0,137,4,3,1,89,222,317
~/ecommerce/volume-discounts,1,696,2052,1,0,129,4,3,1,65,150,314
~/ecommerce/moq-in-b2b-ecommerce,1,782,2332,1,0,133,4,3,1,107,142,317
~/ecommerce/ecommerce-customer-experience,1,706,3701,1,0,132,4,3,1,94,157,330
~/ecommerce/tiered-pricing,1,812,2929,1,0,123,4,3,1,93,154,321
~/ecommerce/user-generated-content-in-ecommerce,1,1543,2209,1,0,126,5,3,1,54,154,316
~/ecommerce/building-customer-trust-in-ecommerce,1,768,1763,1,0,132,5,4,1,36,141,312
~/ecommerce/gdpr-compliance-for-ecommerce,1,1199,2568,1,0,130,5,3,1,63,136,316
~/ecommerce/customer-segmentation-and-personalization,1,1244,2954,1,0,123,4,3,1,54,145,321
~/ecommerce/ecommerce-customer-data-collection,1,1739,2515,1,0,133,4,3,1,50,111,317
~/ecommerce/customer-centric-in-ecommerce,1,1616,2661,1,0,124,6,3,1,103,123,317
~/ecommerce/customer-accounts-and-authentication,1,2098,2464,1,0,128,7,3,1,44,131,317
~/ecommerce/understanding-your-customer,1,2159,2254,1,0,128,4,3,1,57,135,315
~/ecommerce/b2b-vs-b2c-customers,1,1815,3028,1,0,123,4,3,1,66,132,322
~/ecommerce/boosting-e-commerce-success-marketing-strategies-for-medusa-js-stores,1,2069,2034,1,0,124,4,3,1,95,156,313
~/software/product-management-with-medusa-js,1,1591,1884,1,1,125,4,3,1,46,149,317
~/software/why-use-medusa-js-for-e-commerce,1,1332,1814,1,1,125,4,3,1,58,123,315
~/software/e-commerce-with-medusa-js,1,1009,2024,1,1,125,4,3,1,71,136,316
~/software/medusa-js-e-commerce-consumer-behavior,1,730,1698,1,1,125,4,3,1,73,148,314
~/software/medusa-js-success-stories,1,850,2561,1,1,124,4,3,1,56,151,322
~/software/how-medusajs-solves-e-commerce-pain-points,1,875,3652,1,1,126,4,3,1,52,156,334
~/software/top-medusa-js-features,1,877,1793,1,1,125,4,3,1,50,112,314
~/software/reasons-to-choose-medusa-js-advantages-and-benefits,1,883,4221,1,1,128,4,3,1,61,155,340
~/software/best-practices-of-strapi-plugins,1,1059,2388,1,1,145,4,3,1,90,163,328
~/software/strapi-vs-ghost-2,1,1033,2166,1,1,140,4,3,1,78,155,321
~/software/mastering-agile-frameworks,1,1128,7461,1,0,159,4,3,1,56,131,363
~/ecommerce/ecommerce-platforms-b2b-d2c,1,1054,7872,1,1,175,6,3,1,46,143,371
~/ecommerce/ecommerce-in-indonesia,1,1075,6325,1,1,158,6,3,1,50,142,362
~/ecommerce/ecommerce-in-malaysia,1,903,6669,1,1,154,4,3,1,58,146,357
~/software/software-development-standards,1,1015,2020,1,0,135,6,3,1,59,106,311
~/software/scope-of-mobile-app-development,1,903,3384,1,0,148,8,3,1,54,132,325
~/software/software-development-process-2,1,1542,2617,1,0,139,7,3,1,56,125,316
~/technologies/ai-chatbots-for-startups,1,1061,1922,1,0,137,6,3,1,55,129,312
~/ui-ux/software-design-visuals-and-usability,1,692,2379,1,0,144,7,3,1,59,135,318
~/ecommerce/e-commerce-platform-online-store,1,1017,2404,1,0,140,7,4,1,59,102,315
~/technologies/serverless-architecture,1,794,2486,1,0,141,5,3,1,60,150,316
~/technologies/passwordless-authentication,1,1147,2574,1,0,137,6,3,1,59,146,316
~/software/optimizing-software-performance,1,796,2245,1,0,144,7,3,1,54,135,315
~/software/security-in-software-development,1,1193,2532,1,0,157,6,3,1,50,107,319
~/technologies/3-step-guide-for-singpass-integration,1,833,2038,1,0,133,13,3,1,38,154,322
/,0,895,1089,1,0,132,52,41,1,59,196,402
privacy,3,828,2693,1,0,119,3,3,1,25,154,289
contact,3,893,335,1,0,116,19,19,1,32,137,285
b2b-ecommerce-development-services,2,916,875,1,0,120,32,25,1,59,129,374
web-development,2,890,973,1,0,120,35,24,1,56,127,378
ui-ux-design-services,2,896,653,1,0,120,32,25,1,49,123,355
react-native-development-services,2,817,823,1,0,120,30,23,1,60,123,364
b2c-ecommerce-development-services,2,842,895,1,0,120,32,25,1,45,130,374
software-product-discovery,3,845,817,1,0,120,26,19,1,37,143,351
wordpress-development,2,884,517,1,0,118,10,3,1,41,154,297
d2c-ecommerce-development-services,2,922,896,1,0,120,32,25,1,45,138,374
shopify-development-services,2,939,1298,1,0,120,25,18,1,39,142,376
company,3,904,721,1,0,119,29,29,1,47,144,330
ai-consulting-services,2,887,676,1,0,119,20,13,1,33,130,324
react-js-development-services,2,962,801,1,0,120,31,24,1,31,150,360
strapi-js-development-services,2,835,812,1,0,120,30,23,1,32,139,360
medusa-js-development-services,2,907,797,1,0,120,30,23,1,32,134,358
generative-ai-development,2,872,794,1,0,119,19,12,1,36,134,338
careers,3,929,379,1,0,117,32,32,1,42,135,285
cerebro-ai-driven-crypto,3,934,1973,1,0,121,34,34,1,37,121,395
mobile-development,2,876,949,1,0,120,35,24,0,33,133,370
mvp-development,2,941,926,1,0,120,35,24,0,26,138,370
cms-development-services,2,783,782,1,0,120,30,23,0,26,143,360
how-we-work,3,835,806,1,0,117,34,23,1,48,134,343
~,1,1008,482,1,0,151,16,3,1,51,133,313
above-diamond-ecommerce,3,898,938,1,0,117,20,19,0,58,184,336
ecommerce-solutions,3,994,709,1,0,119,23,23,1,30,30,321
startup-solutions,3,979,649,1,0,119,23,23,1,28,28,317
ai-solutions,3,933,681,1,0,119,23,23,1,23,23,327
sme-solutions,3,921,628,1,0,119,23,23,1,24,24,328
fintech-software-development,2,1009,1011,1,0,118,18,18,0,39,144,363
usecases,4,1067,483,1,0,133,6,6,1,47,143,289
custom-ecommerce-development,2,1085,1067,1,0,118,33,33,0,39,124,420
technologies,2,878,880,1,0,118,27,27,0,50,141,353
e-books,3,939,453,1,0,118,7,7,1,50,144,286
sanity-development-services,2,882,963,1,0,120,25,18,0,29,29,367
ruby-on-rails-development-services,2,871,843,1,0,120,31,24,0,36,133,361
professional-node-js-development-services,2,819,804,1,0,120,31,24,0,30,30,361
hydrogen-development-services,2,738,953,1,0,120,24,17,0,31,31,354
data-analytics-services,2,828,738,1,0,119,24,17,0,34,135,336
machine-learning-model-engineering,3,869,708,1,0,119,26,19,0,45,129,334
computer-vision-development,2,840,723,1,0,119,21,14,0,38,128,334
paint-manufacturing,3,833,822,1,0,118,16,16,0,30,133,325
woocommerce-development,2,787,520,1,0,118,10,3,0,34,154,297
generative-ai-integration,3,901,857,1,0,119,19,12,0,36,131,360
ai-driven-software-development,2,729,868,1,0,116,3,3,0,44,145,348
payload-cms-development,2,697,588,1,0,118,10,3,0,34,139,303
eyeset-mobile-application,3,726,962,1,0,117,7,7,0,38,119,317
delivery-framework,3,581,772,1,0,116,3,3,0,42,145,324
testimonials,6,950,657,1,0,119,21,8,0,46,139,385
showcases,5,776,381,1,0,128,3,3,0,60,137,280
case-studies,3,976,377,1,0,124,11,11,1,52,139,280
guides,3,883,574,1,0,120,11,11,1,64,140,312
manufacturing,3,841,823,1,0,118,27,27,0,45,144,339
elixir-phoenix-development,2,931,719,1,0,118,29,22,0,39,145,336
nest-js-development,2,840,520,1,0,118,10,3,0,30,138,298
generative-ai-consulting,3,935,642,1,0,119,19,12,0,35,144,315
ai-poc-development,2,796,773,1,0,119,20,13,0,29,131,331
machine-learning-development-services,2,939,725,1,0,119,26,19,0,48,138,338
ai-development-services,2,837,739,1,0,119,20,13,0,34,138,338
ai-chatbot-development,2,816,754,1,0,119,20,13,0,33,138,340
habbit-sg,3,744,634,1,0,117,3,3,0,34,13,304
wawasan-dengkil-order-management-platform,3,698,858,1,0,120,16,16,0,54,54,346
videos,3,696,323,1,0,116,4,4,1,17,54,266
ai-agent-development,2,725,716,1,0,119,20,13,0,31,31,335
ai-copilot-development,2,1016,846,1,0,119,19,12,0,33,33,352
next-js-development,2,837,738,1,0,118,24,17,0,30,30,325
~/category/product-development,1,921,350,1,0,132,8,3,1,44,0,284
~/category/software,1,803,394,1,0,151,13,3,1,33,0,296
~/category/ui-ux,1,785,401,1,0,148,13,3,1,30,0,295
~/category/technologies,1,814,385,1,0,147,13,3,1,37,0,295
~/category/ecommerce,1,1138,381,1,0,147,13,3,1,35,0,296
~/category/ai,1,983,326,1,0,129,7,3,1,27,0,280
~/showcase-category/ecommerce,1,847,290,1,0,117,3,3,1,34,0,265
~/showcase-category/cms-migration,1,1060,782,1,0,120,30,23,0,26,143,360
