~ecommerce/price-negotiation-chat-in-b2b,1,2000,2261,1,0,85,3,2,1,119,317,300,2,564,11.4,0,
~ecommerce/custom-quote-approvals-in-b2b,1,1675,2157,1,0,97,3,2,1,112,154,300,0,117,8.1,0,
~ecommerce/medusa-js-marketplace,1,1556,1662,1,1,87,6,2,1,49,146,296,0,0,,0,
~ecommerce/marketplace-platform-limitations,1,1556,1981,1,0,83,7,6,1,82,146,295,0,0,,0,
~ecommerce/request-for-quote-rfq-system,1,1549,3199,1,0,91,3,2,1,114,124,308,6,2859,40.2,30,10
home-2,3,1238,975,1,0,92,51,40,1,59,196,386,0,0,,0,
~ecommerce/ecommerce-erp-integration,1,1231,3244,1,0,83,7,6,1,54,149,304,0,0,,0,
~ecommerce/flexible-business-models-with-medusa-js,1,1202,1624,1,1,83,3,2,1,57,146,297,1,2553,16.7,0,
~ecommerce/ecommerce-tech-stack-medusa,1,1178,1176,1,0,83,3,2,1,51,153,294,1,301,9.4,0,
~ecommerce/optimizing-checkout-experiences-with-medusa-js-best-practices,1,1139,2134,1,0,86,3,2,1,87,99,299,5,1039,10.1,13,19
~software/disadvantages-of-medusa-js,1,1124,3042,1,1,91,3,2,1,89,155,311,74,9931,9.6,113,51
~ecommerce/reorder-feature-for-b2b-customers,1,1100,1849,1,0,97,3,2,1,89,222,300,9,2217,7.2,16,7
~ecommerce/enhancing-customer-experience-in-e-commerce-with-medusa-js,1,1093,1601,1,0,83,3,2,1,83,154,293,1,183,14.8,0,
~,1,1065,383,1,0,111,15,3,1,51,133,288,0,302,8.0,0,
~software/data-privacy-regulations,1,1061,2679,1,0,102,12,2,1,53,135,306,6,2574,23.7,38,4
~ecommerce/b2b-subscription-ordering,1,1060,3015,1,0,83,3,2,1,103,156,306,0,50,18.1,0,
~ecommerce/gdpr-compliance-for-ecommerce,1,1051,2448,1,0,90,4,2,1,63,136,300,3,1321,23.0,19,3
~software/software-scalability,1,1044,3133,1,0,114,12,2,1,48,106,314,5,54209,11.6,19,15
usecases,4,1038,363,1,0,93,5,5,1,47,143,273,0,109,14.2,0,
~software/benefits-of-custom-strapi-development-services,1,1037,6696,1,0,146,7,2,1,54,130,351,0,91,21.8,0,
~ecommerce/singapore-b2b-e-commerce-in-q4,1,1031,2943,1,0,83,3,2,1,117,157,303,0,178,13.1,0,
~ecommerce/building-customer-trust-in-ecommerce,1,1031,1643,1,0,92,4,3,1,36,141,296,0,53,49.8,0,
~ecommerce/singapore-ecommerce-compliance-taxes-data-and-rules,1,1027,3435,1,0,83,3,2,1,53,140,304,1,173,33.8,0,
~ecommerce/medusa-js-vs-shopify-plus-for-b2b-in-singapore,1,1022,2571,1,0,84,3,2,1,46,138,303,0,307,12.2,0,
~ecommerce/custom-ecommerce-platform-development-for-growth,1,1021,3108,1,0,92,8,4,1,73,154,306,0,0,,0,
strapi-js-development-services,2,1015,691,1,0,80,29,22,0,32,139,344,0,62,48.4,0,
~ecommerce/net-payment-terms-in-b2b,1,1014,3208,1,0,83,3,2,1,94,157,305,0,2079,30.5,0,
~ecommerce/user-generated-content-in-ecommerce,1,1011,2089,1,0,86,4,2,1,54,154,300,0,0,,0,
~ecommerce,1,1008,273,1,0,107,12,2,1,35,0,279,0,0,,95,1
~software/hiring-a-strapi-development-company,1,998,2061,1,0,98,9,2,1,59,119,301,0,134,24.2,0,
~ecommerce/ecommerce-in-philippines,1,996,7385,1,0,124,6,2,1,59,137,348,4,2466,31.4,39,18
case-studies,3,996,257,1,0,84,10,10,1,52,139,264,0,95,8.7,0,
~ecommerce/singapore-b2b-ai-integrationn,1,995,2701,1,0,83,3,2,1,28,165,299,2,166,10.7,0,
~ecommerce/quote-based-ordering-in-b2b,1,994,5045,1,0,83,3,2,1,93,240,329,3,5406,12.5,18,8
~technologies,1,991,265,1,0,107,12,2,1,37,0,279,0,103,7.6,0,
testimonials,3,987,537,1,0,79,20,7,0,46,139,369,0,0,,0,
guides,3,974,454,1,0,80,10,10,1,64,140,296,0,504,11.3,0,
technologies,2,969,760,1,0,78,26,26,0,50,141,337,0,166,9.3,0,
~ecommerce/custom-marketplace-development,1,966,2444,1,1,87,6,2,1,58,159,302,1,108,27.2,0,
~software/startup-funding-in-singapore,1,956,2463,1,0,109,14,2,1,74,153,313,1,4148,47.3,13,13
~ecommerce/ecommerce-customer-experience,1,955,3581,1,0,92,3,2,1,94,157,313,0,0,,0,
~software/software-engineering-education-in-singapore,1,953,2278,1,0,100,11,2,1,58,152,305,2,215,29.6,22,0
~software/testing-frameworks-continuous-integration,1,951,2422,1,0,102,12,2,1,57,146,308,0,516,20.7,0,
~ecommerce/b2b-ecommerce-for-singapore,1,949,2161,1,0,83,3,2,1,59,151,293,0,0,,0,
medusa-js-development-services,2,948,676,1,0,80,29,22,0,32,134,342,1,737,25.0,0,
mvp-development,2,948,805,1,0,80,34,23,0,26,138,354,0,79,18.9,0,
~ecommerce/medusa-js-ecommerce-maintenance-checklist,1,944,774,1,0,83,3,2,1,100,142,286,0,0,,0,
e-books,3,944,333,1,0,78,6,6,1,50,144,270,0,135,10.6,0,
~ecommerce/moq-in-b2b-ecommerce,1,943,2212,1,0,93,3,2,1,107,142,301,0,0,,0,
custom-ecommerce-development,2,942,947,1,0,78,32,32,0,39,124,405,0,169,5.0,0,
~ecommerce/ecommerce-enablers,1,940,7184,1,0,144,5,2,1,47,141,352,11,3498,25.5,29,18
~ecommerce/ecommerce-in-vietnam,1,940,8196,1,0,115,6,2,1,58,148,355,1,87,20.5,0,
hydrogen-development-services,2,940,832,1,0,80,23,16,0,31,31,339,0,508,32.3,0,
~software/training-and-support-after-software-implementation,1,939,2161,1,0,111,10,2,1,58,150,304,1,2400,24.0,0,
~ecommerce/volume-discounts,1,938,1932,1,0,89,3,2,1,65,150,298,7,8157,17.7,42,4
~industry/ecommerce,1,937,178,1,0,77,2,2,1,34,0,248,0,0,,0,
~software/government-grants-for-small-businesses-singapore,1,936,1703,1,0,98,10,2,1,56,154,300,0,5075,62.3,0,
~software/web-development-data-privacy,1,932,2360,1,0,93,10,2,1,51,121,304,4,2278,25.9,24,0
~ecommerce/ecommerce-customer-data-collection,1,932,2395,1,0,93,3,2,1,50,111,301,0,0,,0,
~software/user-centric-web-experiences-for-singapore-companies,1,929,2005,1,0,99,10,2,1,62,157,303,0,131,30.1,0,
~ecommerce/ecommerce-in-india,1,929,8170,1,1,95,5,2,1,54,145,353,1,2744,45.5,0,
mobile-development,2,926,828,1,0,80,34,23,0,33,133,354,0,147,12.3,0,
~ecommerce/tiered-pricing,1,924,2809,1,0,83,3,2,1,93,154,305,4,7084,13.7,35,7
~ai,1,924,206,1,0,89,6,2,1,27,0,264,0,0,,0,
~ecommerce/ecommerce-in-japan,1,921,7767,1,0,115,5,2,1,56,138,352,3,4216,47.7,17,38
~ui-ux/mobile-first-ux-for-sea-e-commerce,1,921,2445,1,0,86,4,2,1,56,123,299,0,110,9.9,0,
~software/7-signs-your-sme-needs-custom-software-instead-of-more-saas-tools,1,919,2775,1,0,84,3,2,1,71,155,302,0,0,,0,
~software/custom-software-development-for-the-retail-industry,1,918,2173,1,0,113,13,2,1,79,156,309,0,8149,74.3,0,
~software/risk-management-in-software-development,1,916,2592,1,0,119,14,2,1,47,158,314,16,16432,23.2,23,2
~software/features-of-custom-software,1,915,2338,1,0,113,10,2,1,53,141,306,3,4131,71.0,16,0
~technologies/corppass-and-singpass,1,914,1216,1,0,93,10,2,1,56,152,293,5,1053,10.8,21,15
~ui-ux/ux-in-product-development,1,914,2300,1,0,95,6,2,1,51,110,297,0,696,25.4,0,
~software/api-security-andauthentication,1,913,2355,1,1,109,3,2,1,60,145,306,0,768,38.9,0,
~ecommerce/customer-segmentation-and-personalization,1,913,2834,1,0,83,3,2,1,54,145,304,5,4897,15.1,24,1
~software/select-top-custom-development-services-for-strapi,1,911,1552,1,0,99,7,2,1,57,164,297,0,496,15.5,0,
~software/seo-for-single-page-applications,1,908,2733,1,0,104,11,2,1,61,147,308,0,37583,32.9,25,3
~technologies/deploying-ai,1,905,3560,1,0,99,8,6,1,47,153,309,0,0,,0,
~software/exploring-strapi-plugins,1,903,1733,1,0,87,4,2,1,86,160,296,0,361,17.3,0,
~ecommerce/use-ai-on-medusa-js-drive-sales,1,903,1625,1,0,83,3,2,1,47,135,289,1,363,11.9,0,
~ui-ux,1,903,281,1,0,108,12,2,1,30,0,279,0,56,13.8,0,
~software/troubleshooting-and-bug-fixes,1,902,1919,1,0,107,11,2,1,58,135,303,0,588,14.0,0,
~software/business-strategy-and-goals,1,898,2897,1,0,121,9,2,1,54,105,314,7,6186,19.3,26,33
professional-node-js-development-services,2,898,683,1,0,80,30,23,0,30,30,345,0,0,,0,
~technologies/navigating-cloud-computing-essential-solutions-for-singapores-tech-innovators,1,896,2129,1,0,112,12,2,1,104,154,307,0,0,,0,
~ui-ux/sketching-startup-product-development,1,894,1939,1,0,94,6,3,1,52,129,294,1,1628,8.6,0,
~technologies/serverless-architecture,1,894,2366,1,0,101,4,2,1,60,150,299,0,832,26.7,0,
showcases,3,893,261,1,0,88,2,2,0,60,137,264,0,0,,0,
~ecommerce/ecommerce-marketing,1,890,8380,1,0,116,5,2,1,56,107,354,4,22715,64.5,21,3
utype/insight,3,888,337,1,0,82,5,5,1,32,0,251,0,0,,0,
~software/cybersecurity-challenges-in-singapore,1,887,1910,1,0,97,9,2,1,70,106,300,0,76,21.7,23,0
~software,1,887,276,1,0,111,12,2,1,33,0,280,0,144,7.7,80,0
~software/progressive-enhancement-and-inclusive-design,1,884,3512,1,0,112,16,2,1,57,143,314,0,899,14.6,0,
~software/software-development-project-management,1,883,3236,1,1,143,18,3,1,57,113,324,0,65,37.6,0,
ai-solutions,3,882,560,1,0,79,22,22,1,23,23,312,0,0,,0,
~ui-ux/role-information-architecture,1,881,2288,1,0,95,6,3,1,36,111,296,1,333,22.6,0,
~ecommerce/boosting-e-commerce-success-marketing-strategies-for-medusa-js-stores,1,874,1914,1,0,84,3,2,1,95,156,296,5,726,8.9,0,
~software/protecting-data-and-systems,1,873,2362,1,0,106,11,2,1,59,147,306,0,60,32.1,0,
~ecommerce/b2b-ecommerce,1,873,5337,1,0,105,9,5,1,62,134,329,2,9513,25.0,31,4
~ecommerce/why-open-source-drives-superior-roi-for-b2b-e-commerce,1,871,2832,1,0,84,3,2,1,54,156,300,0,146,10.6,0,
~software/optimizing-software-performance,1,871,2125,1,0,104,6,2,1,54,135,299,1,6436,27.0,20,7
~software/software-development-cost,1,869,2622,1,0,114,11,3,1,103,116,309,0,1388,75.0,0,
~software/software-development-and-digital-transformation-budget-roadmap,1,868,3020,1,0,112,14,2,1,57,115,317,2,3093,22.7,0,
~software/top-mobile-app-development-companies-in-vietnam,1,867,2458,1,0,99,16,2,1,52,139,307,2,2061,30.8,0,
~technologies/passwordless-authentication,1,867,2454,1,0,97,5,2,1,59,146,300,0,669,30.9,0,
~software/ai-in-software-development,1,863,6467,1,0,138,4,2,1,48,126,343,3,2091,32.9,23,27
~software/local-seo-boost-singapore-tech-business,1,862,2625,1,0,98,14,2,1,53,149,308,0,0,,0,
~software/cost-of-software-development-in-vietnam,1,862,2888,1,0,93,12,2,1,56,134,307,5,3548,14.2,17,23
~ui-ux/a-digital-product-with-ux-design,1,862,1939,1,0,97,7,3,1,45,86,294,0,0,,0,
~software/leverage-digital-transformation,1,861,2682,1,0,113,9,2,1,55,152,312,0,0,,0,
~software/vietnam-destinations-cost-effective-outsourcing,1,858,1755,1,0,101,8,2,1,93,109,300,2,1496,19.0,14,13
~software/web-development-jobs,1,857,1732,1,0,119,8,3,1,42,136,300,0,94,26.3,0,
~software/e-commerce-with-medusa-js,1,857,1904,1,1,85,3,2,1,71,136,299,0,314,18.0,0,
~ecommerce/understanding-your-customer,1,855,2134,1,0,88,3,2,1,57,135,299,0,0,,0,
~technologies/legacy-system-modernization,1,852,4370,1,0,83,8,2,1,60,156,315,0,0,,15,0
~ecommerce/headless-b2b-ecommerce-development,1,851,1710,1,0,83,7,2,1,53,144,297,0,84,6.7,0,
~ecommerce/ecommerce-logistic,1,851,9497,1,1,109,9,5,1,58,108,371,1,1607,52.8,0,
~software/mobile-app-trends-singapore,1,850,2041,1,0,114,12,2,1,39,158,303,0,354,18.5,0,
d2c-ecommerce-development-services,2,850,775,1,0,80,31,24,0,36,138,358,1,1193,28.2,14,3
~software/4-agile-core-values,1,849,2045,1,1,109,8,2,1,58,149,304,0,1836,29.4,0,
~software/javascript-frameworks-trends-dominance-emerging-contenders,1,848,1641,1,0,103,7,2,1,59,122,299,0,309,29.4,20,0
~software/version-control-and-collaboration-in-web-development,1,848,2411,1,0,104,12,2,1,57,156,305,1,8396,16.3,22,35
~technologies/vibe-coding,1,847,3041,1,0,83,3,2,1,56,156,300,0,0,,0,
b2b-ecommerce-development-services,2,846,754,1,0,80,31,24,0,36,142,358,0,70,29.2,0,
~software/gain-a-competitive-advantage-with-custom-software-development,1,845,1802,1,0,110,15,2,1,86,156,303,0,278,13.5,0,
web-development,2,843,852,1,0,80,34,23,0,30,139,362,0,57,14.9,0,
~ecommerce/ecommerce-in-singapore,1,842,7794,1,1,124,5,2,1,53,127,355,6,7160,25.5,16,5
~software/vietnams-software-development-industry,1,841,2196,1,0,120,13,2,1,47,128,308,1,584,55.2,15,15
~software/top-web-development-companies-in-vietnam-leading-the-way-in-digital-innovation,1,841,2345,1,0,117,15,2,1,104,148,309,0,332,14.9,0,
~ecommerce/the-hidden-costs-of-manual-b2b-workflows-for-singapore-smes,1,841,3363,1,0,83,3,2,2,84,68,309,0,157,11.1,0,
~ui-ux/app-design-in-2026-best-practices-trends-top-tools-for-modern-apps,1,840,1634,1,0,83,3,2,1,95,156,291,5,2825,10.0,35,12
~ecommerce/e-commerce-for-services,1,839,5775,1,0,114,6,2,1,59,135,332,1,2359,15.4,16,0
~software/managing-offshore-software-teams,1,839,3520,1,0,116,12,2,1,99,150,319,0,2704,38.2,0,
~ecommerce/customer-centric-in-ecommerce,1,839,2541,1,0,84,5,2,1,103,123,301,0,304,26.8,0,
~product-development,1,839,230,1,0,92,7,2,1,44,0,267,0,0,,0,
~ai/generative-ai-in-the-integration,1,838,1796,1,0,86,8,2,1,67,190,296,1,181,10.0,0,
b2c-ecommerce-development-services,2,838,774,1,0,80,31,24,0,36,130,358,0,693,22.8,15,0
~technologies/tech-trends-in-singapore,1,837,2134,1,0,113,11,2,1,46,112,308,1,3114,55.0,0,
startup-solutions,3,835,528,1,0,79,22,22,1,28,28,302,1,66,8.0,0,
~software/headless-cms-web-development,1,834,1902,1,0,109,9,2,1,60,138,302,0,646,39.3,0,
~ecommerce/ecommerce-platforms-b2b-d2c,1,834,7752,1,1,135,5,2,1,46,143,355,0,2941,24.6,13,3
~technologies/3-step-guide-for-singpass-integration,1,834,1918,1,0,93,12,2,1,38,154,306,4,2679,22.8,33,35
~software/mvp-software-development-services,1,833,2105,1,0,83,7,2,1,57,163,297,2,2521,10.4,0,
~ecommerce/ecommerce-in-malaysia,1,833,6549,1,1,114,3,2,1,58,146,340,3,2516,40.0,49,17
~software/top-strapi-development-companies,1,831,2881,1,0,114,17,15,1,53,107,317,2,1450,22.8,0,
~software/pwas-vs-native-apps,1,831,2469,1,0,102,9,2,1,86,136,305,1,890,37.3,15,0
~software/front-end-development-in-singapore,1,829,2335,1,0,122,18,2,1,62,154,314,1,210,23.4,0,
~ecommerce/ecommerce-trends,1,829,7844,1,1,117,5,2,1,57,143,351,0,244,28.7,0,
~ecommerce/ecommerce-in-china,1,829,8312,1,1,99,5,2,1,53,145,355,1,11860,39.0,59,9
~ui-ux/user-flow-for-startup-founder,1,829,2053,1,0,96,6,3,1,58,104,296,0,0,,0,
~ai/why-ai-fails-in-production,1,828,2756,1,0,88,8,5,1,51,158,301,0,0,,0,
elixir-phoenix-development,2,828,599,1,0,78,28,21,0,39,145,320,0,199,17.4,0,
~software/singapores-tech-workforce,1,827,1986,1,0,103,8,2,1,91,114,300,2,1185,55.4,15,0
~software/top-strapi-plugins,1,827,3482,1,1,99,3,2,1,86,115,318,12,2138,12.8,30,47
ecommerce-solutions,3,827,588,1,0,79,22,22,1,30,30,305,0,0,,0,
~ecommerce/b2b-vs-b2c-customers,1,825,2908,1,0,83,3,2,1,66,132,306,0,0,,0,
~ui-ux/the-power-of-ux-wireframes,1,824,2208,1,0,97,7,3,1,57,99,296,0,477,47.0,0,
~software/microservices-vs-monolithic,1,823,2484,1,0,103,11,2,1,58,144,307,0,1045,23.3,29,0
wordpress-development,2,823,397,1,0,78,9,2,0,32,154,281,0,0,,0,
~software/ai-and-ml-software-development,1,822,2702,1,0,115,13,2,1,86,144,310,0,1783,22.7,13,0
~software/product-management-with-medusa-js,1,822,1764,1,1,85,3,2,1,46,149,300,4,3337,12.6,17,16
usecase/ai-solutions-for-retail-ecommerce,4,821,5701,0,0,83,8,2,1,45,156,315,0,60,17.9,0,
~software/top-project-management-tools,1,820,2763,1,0,120,9,2,1,87,156,314,0,1629,22.9,0,
~software/ongoing-maintenance-and-subscription-fees,1,820,3312,1,0,103,15,2,1,58,119,316,8,7311,29.6,42,20
~ecommerce/customer-accounts-and-authentication,1,820,2344,1,0,88,6,2,1,44,131,301,0,0,,0,
software-product-discovery,3,819,696,1,0,80,25,18,0,28,143,335,0,68,24.9,0,
~software/mastering-web-development,1,818,4219,1,0,171,14,2,1,125,157,340,0,1264,29.4,17,1
~software/choosing-the-right-app-development-company-for-smes-in-singapore,1,818,2739,1,0,130,13,2,1,89,158,315,0,113,19.0,0,
~software/developer-portfolio-guide-for-singapore-tech-professionals,1,817,2184,1,0,104,14,2,1,60,126,307,1,680,17.3,17,3
~software/singapores-startup-ecosystem,1,817,2730,1,0,116,12,2,1,56,128,314,0,353,36.1,0,
~software/why-use-medusa-js-for-e-commerce,1,816,1694,1,1,85,3,2,1,58,123,299,1,700,12.2,0,
manufacturing,3,816,703,1,0,78,26,26,0,45,144,324,0,106,8.7,0,
~ecommerce/medusa-b2b-pricing-open-source-engine-for-complex-deals,1,815,2746,1,0,95,8,2,1,81,153,302,0,0,,17,3
~software/non-functional-requirements,1,814,2138,1,0,101,4,2,1,51,133,297,7,8595,27.5,28,11
~software/case-studies-of-custom-development-projects-with-strapi,1,812,2783,1,0,100,16,2,1,59,77,309,7,1189,9.2,16,21
~software/customization-in-medusa-js,1,811,2141,1,1,85,3,2,1,55,155,307,4,1563,14.7,0,
~software/singapores-tech-talent,1,810,2982,1,0,104,9,2,1,57,110,310,0,4646,20.3,0,
~ai/production-ai-development-from-prototype-to-scale,1,809,2814,1,0,95,8,2,1,75,158,303,0,0,,0,
~product-development/product-roadmap-starup,1,809,1744,1,0,94,6,2,1,57,108,294,0,0,,0,
~software/modernizing-software-for-quality-control,1,808,1209,1,0,83,6,5,1,63,141,289,0,0,,0,
~software/strapi-development-company,1,807,2411,1,0,114,8,2,1,48,157,308,0,457,27.4,0,
~ecommerce/e-commerce-platform-online-store,1,807,2284,1,0,100,6,3,1,59,102,299,0,343,64.2,0,
~product-development/building-success-with-a-mvp,1,806,4280,1,0,105,15,2,1,52,142,325,0,0,,0,
paint-manufacturing,3,806,702,1,0,78,15,15,0,30,133,309,0,0,,0,
machine-learning-model-engineering,3,802,588,1,0,79,25,18,0,45,129,318,0,208,36.7,0,
~testimonial/paint-manufacturer,6,802,211,0,0,76,2,2,0,43,114,249,0,0,,0,
~software/government-support-for-software-development-in-vietnam,1,801,1621,1,0,105,8,2,1,59,89,299,2,378,25.7,0,
~software/how-medusajs-solves-e-commerce-pain-points,1,800,3532,1,1,86,3,2,1,52,156,317,0,1256,16.4,15,2
~showcase/ring-configurator,5,800,212,0,0,80,2,2,0,42,105,249,0,0,,0,
~software/optimize-web-app-with-webassembly,1,799,3055,1,0,101,14,3,1,52,139,312,0,3437,13.5,21,2
~technologies/rewrite-vs-refactor-legacy-system,1,799,2623,1,0,93,8,2,1,74,97,300,0,0,,14,0
~software/top-web-development-frameworks-in-singapore,1,799,1849,1,0,110,20,2,1,48,155,306,1,149,25.8,0,
~software/strapi-custom-development-services,1,799,2217,1,0,104,8,2,1,80,156,302,0,433,48.3,0,
~software/task-runners-and-build-automation-tools,1,799,2473,1,0,102,8,2,1,42,115,306,2,1992,16.3,16,0
~ecommerce/ecommerce-strategy,1,799,9556,1,0,121,5,2,1,60,134,373,1,10580,33.0,0,
~software/agile-case-studies,1,799,4245,1,0,115,16,2,1,49,136,332,254,26712,13.9,554,39
~software/digital-transformation-strategies-for-singaporean-enterprises,1,799,3192,1,0,107,14,2,1,98,157,318,0,194,54.5,0,
wawasan-dengkil-order-management-platform,3,799,738,1,0,80,15,15,0,54,54,330,0,0,,0,
~software/predictability-in-software-engineering,1,798,1159,1,0,83,7,3,1,87,141,290,1,72,9.2,0,
~software/web-design-and-development,1,798,2759,1,0,104,11,2,1,51,134,310,1,17782,24.1,0,
cms-development-services,2,798,660,1,0,80,29,22,0,26,143,344,0,0,,0,
nest-js-development,2,798,400,1,0,78,9,2,0,30,138,283,0,0,,0,
~ui-ux/power-interactive-prototypes,1,794,1856,1,0,96,6,3,1,52,137,293,1,779,13.0,0,
~technologies/machine-learning-for-smes,1,794,2555,1,0,84,3,2,1,70,105,300,1,172,11.2,0,
~software/scope-of-mobile-app-development,1,794,3264,1,0,108,7,2,1,54,132,309,32,1822,49.4,54,36
habbit-sg,3,794,514,1,0,77,2,2,0,34,13,288,0,60,8.5,0,
sample-page,3,794,348,1,0,77,2,2,0,36,154,253,0,0,,0,
~software/cdns-content-delivery-networks,1,793,2669,1,0,97,11,2,1,58,149,307,0,3048,15.2,0,
~software/medusa-js-success-stories,1,793,2441,1,1,84,3,2,1,56,151,306,9,1279,14.2,59,19
computer-vision-development,2,792,603,1,0,79,20,13,0,38,128,319,0,0,,0,
usecase/ai-driven-crypto-investment-recommendations,4,792,5735,0,0,87,8,2,1,54,159,319,0,0,,0,
~ai/ai-consulting-services-for-modern-enterprises,1,788,2073,1,0,87,9,2,1,68,142,298,0,88,27.7,0,
~ecommerce/data-driven-ux-for-singapore-ecommerce,1,788,2155,1,0,84,3,2,1,38,161,297,0,81,17.3,0,
~technologies/headless-commerce-risks-costs-complexity-and-tradeoffs,1,787,2827,1,0,91,7,3,1,82,150,304,0,0,,0,
~technologies/machine-learning-consulting-companies,1,786,1971,1,0,91,7,2,1,49,179,296,2,5557,25.9,0,
~software/system-integration,1,786,1695,1,0,106,7,2,1,59,117,298,4,6025,50.9,19,3
~ecommerce/data-driven-decision-making-leveraging-analytics-in-medusa-js,1,785,3438,1,0,83,4,3,1,87,156,311,1,541,9.4,14,0
~software/benefits-and-risks-integrating-ai-and-ml,1,784,2319,1,0,124,15,2,1,61,140,311,0,0,,0,
~software/backend-development-and-apis,1,784,2910,1,0,113,13,2,1,58,122,309,7,7033,17.9,27,12
~ecommerce/software-cost-estimation,1,784,3516,1,0,83,7,2,1,58,132,309,1,1092,35.6,0,
~ecommerce/ecommerce-in-indonesia,1,784,6205,1,1,118,5,2,1,50,142,346,2,9599,20.0,13,18
generative-ai-development,2,783,674,1,0,79,18,11,0,36,134,322,0,58,13.8,0,
~software/off-the-shelf-solutions,1,782,2074,1,0,102,7,2,1,55,147,300,1,2926,27.5,0,
privacy,3,782,2580,1,0,79,2,2,1,25,154,274,1,109,6.2,16,8
~ui-ux/ux-design-trends-in-singapore,1,781,1867,1,0,120,11,2,1,53,138,303,0,65,37.8,0,
~software/mastering-agile-frameworks,1,781,7341,1,0,119,3,2,1,56,131,346,3,6093,23.1,29,13
~ecommerce/7-signs-youre-ready-for-a-custom-e-commerce-platform,1,780,4142,1,0,99,3,2,1,78,145,310,0,95,14.9,0,
~software/top-backend-technologies-guide-for-singapore-companies,1,780,3046,1,0,120,19,2,1,70,144,322,1,298,23.4,0,
~software/best-practices-of-strapi-plugins,1,780,2268,1,1,105,3,2,1,90,163,312,1,656,14.1,0,
~software/strapi-vs-drupal-2,1,779,2337,1,1,99,3,2,1,54,102,307,10,1184,7.4,31,22
~software/avoiding-software-project-failure,1,778,1737,1,0,83,7,3,1,57,123,295,0,98,10.2,0,
~technologies/software-product-discovery,1,778,2221,1,0,92,8,7,1,48,164,298,0,202,7.6,0,
~software/blockchain-and-cryptocurrency-in-2024-singapores-tech-industry,1,778,2001,1,0,99,10,2,1,78,146,303,0,0,,0,
~software/security-concerns-in-mobile-app-development,1,778,2382,1,0,105,14,2,1,80,120,305,2,1507,50.3,17,25
~ecommerce/e-commerce-in-asia,1,778,8637,1,1,126,5,2,1,58,145,362,0,398,34.2,33,23
~ui-ux/software-design-visuals-and-usability,1,778,2259,1,0,104,6,2,1,59,135,302,2,2001,17.9,0,
~software/top-medusa-js-features,1,777,1673,1,1,85,3,2,1,50,112,298,3,2431,11.2,15,7
~ecommerce/medusa-erp-integration-for-scalable-b2b-commerce,1,776,2696,1,0,93,8,2,1,48,152,301,0,0,,0,
~software/custom-software-development-process,1,775,3095,1,0,139,11,2,1,60,121,315,2,8883,25.6,0,
~software/agile-software-development,1,775,1706,1,1,110,7,2,1,56,141,303,3,5202,29.9,25,1
how-we-work,3,775,686,1,0,77,33,22,1,48,134,327,1,64,14.2,16,17
~software/usability-product-development,1,774,2229,1,0,108,5,2,1,49,139,299,0,0,,0,
~technologies/ai-chatbots-for-startups,1,774,1802,1,0,97,5,2,1,55,129,295,0,143,27.7,0,
usecase/ai-for-manufacturing,4,773,5441,0,0,83,7,2,1,46,158,314,0,142,15.5,0,
~showcase/wordpress-%e2%86%92-payload-cms-migration,5,772,212,0,0,80,2,2,0,58,100,250,0,0,,0,
~ecommerce/ecommerce-web-development-singapore,1,771,2134,1,0,83,9,3,1,58,128,298,0,3728,14.6,0,
~technologies/responsive-design,1,770,2114,1,0,94,6,3,1,52,136,294,0,624,22.3,14,0
~software/security-in-software-development,1,770,2412,1,0,117,5,2,1,50,107,302,2,1180,37.6,0,
~software/agile-vs-waterfall,1,769,4530,1,0,103,4,2,1,56,139,325,1,2230,33.8,17,3
react-js-development-services,2,769,680,1,0,80,30,23,0,31,150,344,0,0,,0,
~industry/fintech,1,769,177,1,0,77,2,2,1,32,0,248,0,0,,0,
~software/web3-dapp,1,768,2535,1,0,97,11,2,1,60,122,306,1,704,28.2,0,
,0,768,975,1,0,92,51,40,1,59,196,386,199,5037,5.3,1803,23
careers,3,768,259,1,0,77,31,31,0,42,135,270,17,778,8.5,28,8
~software/roi-in-software-development,1,767,2672,1,0,114,12,2,1,47,118,307,4,4445,21.1,22,1
eyeset-mobile-application,3,767,842,1,0,77,6,6,0,38,119,301,1,1486,6.1,0,
delivery-framework,3,767,652,1,0,76,2,2,0,42,145,309,2,199,18.3,0,
~technologies/multi-factor-authentication,1,765,2825,1,0,96,5,3,1,50,150,301,0,161,69.3,0,
~technologies/low-code-no-code,1,765,1974,1,0,109,4,2,1,58,102,298,0,51,25.3,0,
~software/software-quality-non-technical-ceo,1,765,2568,1,0,100,6,2,1,57,145,302,0,68,23.2,0,
~technologies/exploring-headless-cms,1,765,2130,1,0,93,5,3,1,52,119,295,0,0,,0,
~ecommerce/type-of-ecommerce,1,764,8864,1,1,110,10,6,1,43,146,362,0,2260,29.9,0,
~software/medusa-js-e-commerce-consumer-behavior,1,763,1578,1,1,85,3,2,1,73,148,297,1,205,9.7,0,
ai-driven-software-development,2,763,748,1,0,76,2,2,0,44,145,332,0,0,,0,
~software/mobile-first-development,1,762,2115,1,0,108,12,2,1,56,156,303,0,75,25.8,0,
~software/strapi-vs-joomla-2,1,761,1991,1,1,88,3,2,1,45,101,302,0,196,15.6,0,
~software/budget-friendly-tech-solutions-for-singapore,1,760,1786,1,0,86,10,2,1,68,158,297,0,622,12.6,21,0
~software/functional-requirements,1,760,1615,1,0,104,5,2,1,58,141,293,2,3173,61.4,0,
~ecommerce/medusa-marketplace-architecture,1,758,2687,1,0,95,8,2,1,55,156,300,1,237,15.0,0,
~software/cost-of-hiring-a-strapi-development-company,1,758,2536,1,0,99,5,2,1,51,161,306,0,125,25.7,0,
~software/accessibility-product-development,1,758,2242,1,0,105,6,2,1,54,133,300,0,1048,31.1,0,
react-native-development-services,2,758,702,1,0,80,29,22,0,35,35,344,0,0,,0,
~ecommerce/b2b-workflows,1,757,2652,1,0,84,3,2,1,66,113,301,0,107,11.7,0,
~software/leading-generative-ai-development-services-providers-in-vietnam-transforming-industries-and-driving-innovation,1,756,1664,1,0,89,13,2,1,136,157,300,0,219,21.9,0,
~testimonial/eyeset,6,756,212,0,0,76,2,2,0,31,133,248,0,0,,0,
generative-ai-consulting,3,755,522,1,0,79,18,11,0,35,144,299,0,0,,0,
cerebro-ai-driven-crypto,3,754,714,1,0,78,18,18,0,37,121,316,3,1726,8.1,15,79
~testimonial/wawasan-dengkil,6,753,208,0,0,76,2,2,0,40,131,249,0,0,,0,
~software/ensuring-digital-transformation-strategy-adapts-to-technological-advancements,1,751,2499,1,0,101,11,2,1,82,148,307,1,1169,15.8,16,0
~software/find-the-best-strapi-development-company,1,751,2075,1,0,122,6,2,1,56,142,302,0,147,53.5,0,
payload-cms-development,2,751,468,1,0,78,9,2,0,34,139,287,4,529,21.2,0,
ai-agent-development,2,751,596,1,0,79,19,12,0,31,31,319,0,0,,0,
~software/strapi-vs-ghost-2,1,750,2046,1,1,100,3,2,1,78,155,305,9,1548,6.9,25,31
ai-consulting-services,2,750,556,1,0,79,19,12,0,33,130,308,0,82,12.7,0,
generative-ai-integration,3,750,737,1,0,79,18,11,0,36,131,344,0,289,28.2,0,
~testimonial/above,6,750,215,0,0,76,2,2,0,30,145,248,0,0,,0,
~ecommerce/building-ecommerce-systems,1,749,2906,1,0,84,3,2,1,43,130,305,0,0,,0,
~software/affordable-tech-solutions-singapore,1,749,2760,1,0,101,21,2,1,69,124,314,1,83,11.5,0,
data-analytics-services,2,749,618,1,0,79,23,16,0,34,135,321,0,0,,0,
~software/app-modernization-services-in-vietnam,1,748,2486,1,0,121,24,2,1,113,153,316,0,204,12.9,0,
~software/creating-accessible-software,1,746,2093,1,0,105,11,2,1,68,107,302,0,0,,0,
~software/reasons-to-choose-medusa-js-advantages-and-benefits,1,746,4101,1,1,88,3,2,1,61,155,324,4,702,11.9,0,
~software/front-end-development-in-singapore-2,1,745,2338,1,0,122,18,2,1,62,154,314,0,0,,0,
~software/software-development-partner,1,744,2973,1,0,121,10,2,1,84,109,311,0,2061,22.5,0,
~ecommerce/ecommerce-business,1,744,6845,1,1,99,6,2,1,60,118,341,0,0,,0,
~software/web-development-in-singapore,1,744,3300,1,0,108,14,2,1,109,152,314,0,275,33.2,0,
~software/software-development-standards,1,744,1900,1,0,95,5,2,1,59,106,295,1,1674,36.3,0,
next-js-development,2,743,618,1,0,78,23,16,0,30,30,309,0,0,,0,
~ui-ux/ux-design-trends,1,741,2385,1,0,102,6,3,1,57,134,301,0,0,,15,0
~ecommerce/what-is-ecommerce,1,741,6012,1,0,130,20,2,1,53,112,338,1,6233,26.3,29,5
~technologies/headless-ecommerce,1,741,2201,1,0,103,4,2,1,43,130,298,0,53,41.4,0,
~software/what-is-agile-methodology,1,739,2822,1,0,107,10,2,1,53,128,308,0,0,,0,
~software/headless-commerce-development,1,738,1659,1,0,103,8,2,1,59,134,298,0,74,23.6,0,
~software/custom-development-services-for-strapi,1,738,2214,1,0,114,6,2,1,59,128,305,0,2247,26.5,0,
~ecommerce/medusa-b2b-ecommerce-platform,1,737,2681,1,0,92,8,5,1,74,126,301,0,0,,13,18
~software/tech-careers-in-singapore,1,735,2095,1,0,128,12,2,1,60,157,306,0,61,35.1,0,
~software/types-of-strapi-custom-development-services,1,733,3073,1,0,121,7,2,1,53,134,314,0,0,,0,
~software/choose-right-development-team,1,732,3229,1,0,111,8,2,2,58,176,313,1,100,14.5,15,0
company,3,732,601,1,0,79,28,28,4,47,144,314,1,475,7.7,42,11
videos,3,732,203,1,0,76,3,3,1,17,54,250,0,52,8.0,0,
~software/low-code-no-code-web-development,1,731,1815,1,0,119,7,2,1,54,146,302,0,503,25.7,0,
~testimonial/cerebro,6,731,214,0,0,76,2,2,0,32,136,248,0,0,,0,
~technologies/mobile-app-development,1,730,4144,1,0,103,8,2,1,49,120,318,0,0,,0,
~software/estimate-development-time,1,729,2636,1,0,109,8,2,1,72,125,306,29,11386,24.4,76,18
~software/vietnam-destination-for-software-development,1,728,2308,1,0,117,14,2,1,61,143,310,2,2643,11.8,0,
~technologies/the-new-rules-for-a-predictable-investor-ready-mvp-in-2026,1,728,3828,1,0,83,8,2,1,84,155,313,0,0,,0,
~software/user-adoption-strategies,1,727,1798,1,0,110,10,2,1,60,152,300,1,1220,37.2,0,
shopify-development-services,2,727,1177,1,0,80,24,17,0,30,30,360,0,0,,0,
ai-poc-development,2,726,653,1,0,79,19,12,0,29,131,315,0,0,,0,
~service/ai-ml,1,725,179,1,0,77,2,2,1,32,0,248,0,0,,0,
~software/ai-in-web-development,1,722,1668,1,0,111,9,2,1,57,128,300,0,0,,0,
~ecommerce/medusa-approval-workflows,1,719,2670,1,0,95,8,3,1,82,128,300,0,0,,0,
~software/developer-upskilling-programs-singapore,1,719,1799,1,0,94,10,2,1,47,140,298,0,0,,13,0
machine-learning-development-services,2,719,605,1,0,79,25,18,0,48,138,322,0,0,,0,
~ecommerce/build-a-marketplace-in-singapore,1,718,2146,1,0,86,6,2,1,60,139,297,0,0,,0,
~ecommerce/dc2-ecommerce-trends,1,718,3042,1,0,89,6,2,1,73,164,303,8,471,11.3,23,13
ruby-on-rails-development-services,2,718,722,1,0,80,30,23,0,36,133,346,0,0,,0,
above-diamond-ecommerce,3,718,502,1,0,77,17,17,0,34,117,295,0,0,,0,
~technologies/production-ai-vs-prototype-ai-why-most-systems-fail-after-the-demo,1,717,3443,1,0,96,6,2,1,92,143,307,2,233,7.2,0,
~software/12-agile-principles,1,716,2767,1,0,115,16,2,1,49,132,316,6,13076,28.2,41,19
~product-development/mobile-app-development-singapore,1,715,1897,1,0,87,7,2,1,49,129,296,1,107,7.2,0,
~software/why-choose-a-strapi-development-company,1,715,1908,1,0,109,10,2,1,51,148,302,0,1518,19.3,0,
sanity-development-services,2,713,842,1,0,80,24,17,0,29,29,351,0,780,23.5,0,
contact,3,709,215,1,0,76,18,18,1,32,137,269,0,199,6.9,47,11
~software/it-companies-in-singapore,1,708,3752,1,0,138,24,2,1,57,110,332,0,4716,54.1,0,
ui-ux-design-services,2,708,532,1,0,80,31,24,0,23,132,339,0,54,27.9,0,
~industry/mobility,1,707,175,1,0,77,2,2,1,33,0,248,0,0,,0,
~ecommerce/ecommerce-inventory-management-integration,1,706,2154,1,0,83,5,4,1,108,144,296,0,0,,0,
~service/mobile-backend,1,706,177,1,0,77,2,2,1,41,0,248,0,0,,0,
~software/outsource-web-development-services,1,702,3490,1,0,134,14,2,1,55,141,321,0,0,,0,
~software/high-quality-software,1,702,1649,1,0,98,4,2,1,60,114,293,0,52,33.0,0,
~software/back-end-development-serverless-architectures-and-cloud-functions,1,701,3020,1,0,101,13,2,1,69,125,312,0,1106,23.8,0,
~ecommerce/mobile-first-ux-for-sea-e-commerce-2,1,694,2026,1,0,84,3,2,1,86,156,295,0,0,,0,
woocommerce-development,2,692,399,1,0,78,9,2,0,34,154,282,0,0,,0,
elementor-45,3,691,193,1,0,76,2,2,0,38,0,248,0,0,,0,
ai-development-services,2,689,619,1,0,79,19,12,0,34,138,323,0,0,,0,
~ecommerce/multi-warehouse-ecommerce-inventory,1,688,1941,1,0,83,7,6,1,87,237,296,1,57,8.1,0,
~software/software-development-process-2,1,688,2513,1,0,103,6,2,1,56,125,302,0,393,39.9,0,
ai-chatbot-development,2,687,634,1,0,79,19,12,0,33,138,324,0,0,,0,
~technologies/technologies-web-development,1,686,4093,1,0,130,8,4,1,43,144,322,0,197,70.5,0,
~ecommerce/ecommerce-website-building,1,685,7491,1,0,134,6,2,1,54,146,353,0,70,25.9,0,
~service/mes-lite-platform,1,677,176,1,0,77,2,2,1,42,0,248,0,0,,0,
fintech-software-development,2,663,891,1,0,78,17,17,0,39,144,347,0,61,37.2,0,
~industry/operations,1,663,172,1,0,77,2,2,1,35,0,248,0,0,,0,
~showcase-category/cms-migration,5,663,174,1,0,77,2,2,1,38,0,248,0,0,,0,
~software/digital-transformation-strategies,1,662,2414,1,0,126,14,2,1,55,155,310,1,1952,24.9,0,
~showcase-category/ecommerce,5,650,170,1,0,77,2,2,1,34,0,248,0,0,,0,
~service/web-mobile,1,644,174,1,0,77,2,2,1,37,0,248,0,0,,0,
~industry/manufacturing,1,643,175,1,0,77,2,2,1,38,0,248,0,0,,0,
~service/headless-commerce,1,623,179,1,0,77,2,2,1,42,0,248,0,0,,0,
sme-solutions,3,609,507,1,0,79,22,22,1,24,24,312,0,0,,0,
~product-development/minimum-viable-product-approach-guide,1,584,2307,1,0,85,9,3,1,58,132,297,1,321,17.2,0,
~product-development/the-ultimate-guide-to-mvp,1,583,1123,1,0,94,12,2,1,55,150,292,0,0,,0,
~software/choosing-the-right-it-company-in-singapore,1,556,4892,1,0,156,9,2,1,54,156,338,0,52,24.5,0,
ai-copilot-development,2,523,726,1,0,79,18,11,0,33,33,336,0,0,,0,
~software/affordable-web-design-ux-in-singapore,1,495,1847,1,0,99,11,2,1,44,133,297,0,366,47.6,0,
