~/software/agile-case-studies,210,17085,16.6
/,202,5591,6.2
~/software/disadvantages-of-medusa-js,60,7117,11.6
~/software/scope-of-mobile-app-development,19,1778,52.8
~/software/estimate-development-time,17,7995,25.8
careers,17,965,7.9
~/software/backend-development-and-apis,13,4127,17.7
~/software/top-strapi-plugins,13,2248,12
~/ecommerce/ecommerce-in-philippines,11,2450,43.4
~/software/data-privacy-regulations,10,1676,32.6
~/software/medusa-js-success-stories,9,1102,21.5
~/software/strapi-vs-ghost-2,9,1002,7.9
~/ecommerce/dc2-ecommerce-trends,9,331,16.4
~/software/12-agile-principles,8,14762,26.9
~/software/ongoing-maintenance-and-subscription-fees,7,5295,42.6
~/software/strapi-vs-drupal-2,7,562,8.3
~/software/software-scalability,5,28966,13.3
~/software/system-integration,5,5035,60.4
~/ui-ux/app-design-in-2026-best-practices-trends-top-tools-for-modern-apps,5,2796,11.2
~/ecommerce/ecommerce-enablers,5,2547,34.4
~/software/web-development-data-privacy,5,1489,34
~/ecommerce/reorder-feature-for-b2b-customers,5,1205,10.7
~/software/business-strategy-and-goals,4,5538,20.5
~/software/agile-software-development,4,4494,25.6
~/ecommerce/request-for-quote-rfq-system,4,2856,54.4
~/software/product-management-with-medusa-js,4,2593,14.1
~/ecommerce/ecommerce-in-malaysia,4,2076,54.3
~/software/ai-in-software-development,4,1271,34.4
~/software/customization-in-medusa-js,4,1035,21.2
~/software/task-runners-and-build-automation-tools,4,886,12.7
~/ecommerce/optimizing-checkout-experiences-with-medusa-js-best-practices,4,649,10.8
payload-cms-development,4,576,23.1
~/software/web-design-and-development,3,22322,21.1
~/software/risk-management-in-software-development,3,12285,28.6
~/ecommerce/b2b-ecommerce,3,8042,21.7
~/software/non-functional-requirements,3,7971,33.4
~/software/functional-requirements,3,3753,51
~/software/mastering-agile-frameworks,3,3651,27.5
~/software/roi-in-software-development,3,2503,24.9
~/software/vietnam-destination-for-software-development,3,1897,13.9
~/software/top-medusa-js-features,3,1249,21.8
~/ecommerce/price-negotiation-chat-in-b2b,3,320,14.8
~/software/custom-software-development-process,2,9470,26.7
~/ecommerce/ecommerce-in-singapore,2,6291,28.3
~/ecommerce/ecommerce-in-indonesia,2,5548,26.5
~/software/it-companies-in-singapore,2,4892,57.4
~/ecommerce/volume-discounts,2,3673,31.6
~/ecommerce/quote-based-ordering-in-b2b,2,3020,16.7
~/ecommerce/customer-segmentation-and-personalization,2,2908,17.2
~/technologies/machine-learning-consulting-companies,2,2648,36.4
~/ecommerce/ecommerce-in-india,2,2614,57.9
~/technologies/3-step-guide-for-singpass-integration,2,2058,20.4
~/ecommerce/flexible-business-models-with-medusa-js,2,1959,29.3
cerebro-ai-driven-crypto,2,1163,8.3
~/technologies/corppass-and-singpass,2,1097,15.4
~/ecommerce/medusa-js-marketplace,2,1094,14.4
~/software/user-adoption-strategies,2,822,54.1
~/software/why-use-medusa-js-for-e-commerce,2,747,12.8
~/software/pwas-vs-native-apps,2,622,55.1
~/ecommerce/boosting-e-commerce-success-marketing-strategies-for-medusa-js-stores,2,588,9.6
~/software/government-support-for-software-development-in-vietnam,2,469,30.2
~/software/reasons-to-choose-medusa-js-advantages-and-benefits,2,429,23
~/ecommerce/medusa-js-multi-vendor-architecture,2,269,9.8
delivery-framework,2,201,18.9
~/ecommerce/build-a-marketplace-in-singapore,2,177,5.9
~/ui-ux/role-information-architecture,2,141,19.7
~/ecommerce/singapore-b2b-ai-integrationn,2,61,22.7
~/ecommerce/ecommerce-marketing,1,21300,71.8
~/ecommerce/ecommerce-in-china,1,7919,51.2
~/ecommerce/ecommerce-strategy,1,7608,36.2
~/software/version-control-and-collaboration-in-web-development,1,6257,14.9
~/software/startup-funding-in-singapore,1,5362,48.3
~/ecommerce/ecommerce-in-japan,1,3464,58.5
~/ecommerce/tiered-pricing,1,3318,22.1
~/software/mvp-software-development-services,1,3067,12.6
~/software/cost-of-software-development-in-vietnam,1,2623,16.3
~/software/training-and-support-after-software-implementation,1,2115,30.3
~/software/top-mobile-app-development-companies-in-vietnam,1,2015,33.9
~/ecommerce/e-commerce-for-services,1,1755,14.5
~/software/digital-transformation-strategies,1,1665,24.5
eyeset-mobile-application,1,1443,6.2
~/software/singapores-tech-workforce,1,1350,61.9
d2c-ecommerce-development-services,1,1221,20.9
medusa-js-development-services,1,1004,25.4
~/software/security-concerns-in-mobile-app-development,1,995,63
~/software/security-in-software-development,1,961,41.6
~/software/how-medusajs-solves-e-commerce-pain-points,1,871,18.7
~/software/case-studies-of-custom-development-projects-with-strapi,1,858,11.8
~/software/accessibility-product-development,1,810,35.6
~/ui-ux/sketching-startup-product-development,1,749,7.4
~/ecommerce/gdpr-compliance-for-ecommerce,1,724,39.5
~/technologies/serverless-architecture,1,676,25.7
b2c-ecommerce-development-services,1,555,20.5
usecase/ai-driven-crypto-investment-recommendations,1,550,13.5
~/ui-ux/software-design-visuals-and-usability,1,547,14.2
~/software/find-the-best-strapi-development-company,1,444,38
~/software/ensuring-digital-transformation-strategy-adapts-to-technological-advancements,1,425,14.7
~/ecommerce/medusa-marketplace-architecture,1,374,18.7
~/ecommerce/custom-marketplace-development,1,366,29.1
technologies,1,342,8.6
case-studies,1,249,7
~/ecommerce/singapore-ecommerce-compliance-taxes-data-and-rules,1,244,40.4
~/ecommerce/use-ai-on-medusa-js-drive-sales,1,215,11
~/technologies/production-ai-vs-prototype-ai-why-most-systems-fail-after-the-demo,1,199,15.9
~/software/software-engineering-education-in-singapore,1,184,31.2
cms-development-services,1,166,15.8
~/ai/generative-ai-in-the-integration,1,163,11.1
~/software/medusa-js-e-commerce-consumer-behavior,1,137,17.9
~/technologies/machine-learning-for-smes,1,136,11.4
ui-ux-design-services,1,136,29.2
how-we-work,1,124,12.1
above-diamond-ecommerce,1,96,16.1
~/software/predictability-in-software-engineering,1,87,9
~/ecommerce/multi-warehouse-ecommerce-inventory,1,84,7.4
fintech-software-development,1,77,22.2
testimonials,1,75,6.4
web-development,1,74,18.1
~/ecommerce/ecommerce-tech-stack-medusa,1,57,15.4
~/software/seo-for-single-page-applications,0,40336,34.5
~/software/custom-software-development-for-the-retail-industry,0,9604,74.1
~/software/government-grants-for-small-businesses-singapore,0,6144,63.9
~/software/optimizing-software-performance,0,5864,29
~/ecommerce/what-is-ecommerce,0,5074,27
~/software/singapores-tech-talent,0,4705,17.7
~/technologies/tech-trends-in-singapore,0,3024,58.9
~/ecommerce/ecommerce-web-development-singapore,0,2884,17
~/software/features-of-custom-software,0,2866,75.8
~/software/software-development-and-digital-transformation-budget-roadmap,0,2501,29.9
~/software/off-the-shelf-solutions,0,2119,29
~/software/software-development-cost,0,1985,81.9
~/software/custom-development-services-for-strapi,0,1955,28.9
~/software/4-agile-core-values,0,1772,30.1
~/software/software-development-partner,0,1728,20.2
~/software/software-development-project-management,0,1720,31.9
~/software/managing-offshore-software-teams,0,1636,39.8
~/ecommerce/net-payment-terms-in-b2b,0,1606,37.5
~/software/agile-vs-waterfall,0,1605,36.1
~/software/why-choose-a-strapi-development-company,0,1402,28
~/ecommerce/ecommerce-platforms-b2b-d2c,0,1344,20
~/software/top-strapi-development-companies,0,1275,27.7
~/software/software-development-standards,0,1193,44.2
company,0,1003,7.3
~/ecommerce/ecommerce-logistic,0,989,60.8
~/ui-ux/ux-in-product-development,0,963,24.3
~/ecommerce/type-of-ecommerce,0,963,26.6
~/software/cdns-content-delivery-networks,0,918,15.9
~/ecommerce/software-cost-estimation,0,881,24.5
~/software/strapi-vs-drupal,0,876,6.3
~/software/optimize-web-app-with-webassembly,0,869,18.5
~/software/vietnam-destinations-cost-effective-outsourcing,0,863,32.1
~/software/top-project-management-tools,0,824,22.1
~/software/api-security-andauthentication,0,800,37.5
sanity-development-services,0,717,24.5
ruby-on-rails-development-services,0,612,53.8
guides,0,563,12.1
~/software/exploring-strapi-plugins,0,529,22.9
hydrogen-development-services,0,487,34.4
~/,0,471,9.5
~/software/strapi-development-company,0,471,35.7
~/software/vietnams-software-development-industry,0,469,69.9
~/software/ai-and-ml-software-development,0,462,22.5
~/ui-ux/power-interactive-prototypes,0,461,12
~/technologies/passwordless-authentication,0,449,31.2
~/ecommerce/e-commerce-platform-online-store,0,442,67.3
usecases,0,438,8.2
~/software/back-end-development-serverless-architectures-and-cloud-functions,0,423,20.1
~/software/web3-dapp,0,413,27.9
~/technologies/legacy-system-modernization,0,384,48.4
~/software/affordable-web-design-ux-in-singapore,0,381,47.8
~/software/budget-friendly-tech-solutions-for-singapore,0,369,14.4
~/software/singapores-startup-ecosystem,0,366,43.2
~/ecommerce/data-driven-decision-making-leveraging-analytics-in-medusa-js,0,359,9.7
~/software/hiring-a-strapi-development-company,0,352,42.3
~/ecommerce/ecommerce-website-building,0,345,19.7
~/software/strapi-custom-development-services,0,306,49.5
cerebro-ai-driven-crypto,0,299,5.5
custom-ecommerce-development,0,299,5.5
~/software/e-commerce-with-medusa-js,0,293,32.8
contact,0,288,5.6
elixir-phoenix-development,0,264,21.5
manufacturing,0,263,8.3
~/software,0,255,7
software-product-discovery,0,253,10.3
~/software/troubleshooting-and-bug-fixes,0,247,24.6
ai-consulting-services,0,246,11.2
~/software/top-web-development-companies-in-vietnam-leading-the-way-in-digital-innovation,0,237,16
~/ecommerce/medusa-js-vs-shopify-plus-for-b2b-in-singapore,0,228,11.6
~/software/best-practices-of-strapi-plugins,0,226,22
~/ecommerce/7-signs-youre-ready-for-a-custom-e-commerce-platform,0,217,14.5
mobile-development,0,211,14.8
~/software/app-modernization-services-in-vietnam,0,203,15.7
usecase/ai-solutions-for-retail-ecommerce,0,202,13.3
~/software/mastering-web-development,0,195,34.1
~/technologies/technologies-web-development,0,195,71.8
~/software/leading-generative-ai-development-services-providers-in-vietnam-transforming-industries-and-driving-innovation,0,192,23.7
~/software/cost-of-hiring-a-strapi-development-company,0,192,31
~/ecommerce/medusa-js-vs-shopify-marketplace,0,191,14.9
b2b-ecommerce-development-services,0,191,16.6
ecommerce-solutions,0,188,9.5
~/technologies/responsive-design,0,178,20.2
~/ecommerce/e-commerce-in-asia,0,177,44.9
~/ai/ai-consulting-services-for-modern-enterprises,0,173,35.9
data-analytics-services,0,169,15.5
~/ecommerce/customer-centric-in-ecommerce,0,162,37.5
privacy,0,159,5.8
startup-solutions,0,155,8.2
~/software/gain-a-competitive-advantage-with-custom-software-development,0,153,10.1
generative-ai-integration,0,153,18.7
~/product-development/minimum-viable-product-approach-guide,0,152,16.2
~/ui-ux/mobile-first-ux-for-sea-e-commerce,0,151,10
computer-vision-development,0,150,19.6
~/ecommerce/ecommerce-in-vietnam,0,147,42.4
e-books,0,136,10.5
ai-solutions,0,130,7.2
~/software/microservices-vs-monolithic,0,129,26.3
machine-learning-model-engineering,0,128,20.4
~/ecommerce/why-open-source-drives-superior-roi-for-b2b-e-commerce,0,126,11.2
~/software/javascript-frameworks-trends-dominance-emerging-contenders,0,119,39.2
~/software/progressive-enhancement-and-inclusive-design,0,118,10.2
~/software/mobile-app-trends-singapore,0,118,24.7
strapi-js-development-services,0,118,55.7
~/software/tech-careers-in-singapore,0,118,58.9
~/software/7-signs-your-sme-needs-custom-software-instead-of-more-saas-tools,0,116,23.4
~/technologies/multi-factor-authentication,0,113,65.4
~/software/digital-transformation-strategies-for-singaporean-enterprises,0,112,67.3
~/software/user-centric-web-experiences-for-singapore-companies,0,111,34.2
~/ecommerce/b2b-workflows,0,110,19.6
~/software/strapi-vs-joomla-2,0,108,10.6
~/software/software-quality-non-technical-ceo,0,102,20.5
~/ui-ux,0,99,12.8
~/product-development,0,98,12
~/ui-ux/the-power-of-ux-wireframes,0,96,40.3
custom-ecommerce-development,0,95,17.5
~/technologies/the-new-rules-for-a-predictable-investor-ready-mvp-in-2026,0,93,19.3
~/software/low-code-no-code-web-development,0,92,45.9
paint-manufacturing,0,90,12.7
habbit-sg,0,89,8
~/technologies/navigating-cloud-computing-essential-solutions-for-singapores-tech-innovators,0,89,61.3
~/software/benefits-of-custom-strapi-development-services,0,88,27.2
~/software/web-development-jobs,0,87,25
videos,0,86,6.7
~/software/affordable-tech-solutions-singapore,0,84,11.6
~/software/top-backend-technologies-guide-for-singapore-companies,0,84,17.7
mvp-development,0,83,20.7
~/software/developer-portfolio-guide-for-singapore-tech-professionals,0,79,22.1
~/ecommerce/the-hidden-costs-of-manual-b2b-workflows-for-singapore-smes,0,78,14.5
~/ecommerce/understanding-your-customer,0,76,12.4
~/software/mobile-first-development,0,76,25.7
~/technologies/ai-chatbots-for-startups,0,76,28.7
~/product-development/mobile-app-development-singapore,0,74,7.4
~/technologies,0,74,8.1
~/software/front-end-development-in-singapore,0,73,15.7
~/ecommerce/b2b-subscription-ordering,0,72,25.4
~/software/creating-accessible-software,0,71,21.3
~/software/choosing-the-right-it-company-in-singapore,0,71,26.3
~/ecommerce/enhancing-customer-experience-in-e-commerce-with-medusa-js,0,67,11.8
~/ecommerce/custom-quote-approvals-in-b2b,0,67,14.2
~/category/technologies,0,66,11.1
~/software/web-development-in-singapore,0,66,15
~/software/choosing-the-right-app-development-company-for-smes-in-singapore,0,66,18.2
~/ui-ux/ux-design-trends-in-singapore,0,66,39.3
~/software/cybersecurity-challenges-in-singapore,0,66,43.5
~/software/testing-frameworks-continuous-integration,0,65,36.4
~/ecommerce/building-customer-trust-in-ecommerce,0,60,46.5
usecase/ai-for-manufacturing,0,57,17.5
generative-ai-development,0,57,22.2
professional-node-js-development-services,0,54,28.1
~/software/headless-commerce-development,0,52,44.9
~/technologies/rewrite-vs-refactor-legacy-system,0,51,13.2
~/product-development/product-roadmap-starup,0,51,50.8
