/,1842,1629,25
~/software/agile-case-studies,479,394,42
~,202,194,14
~/software/disadvantages-of-medusa-js,97,86,51
~/ecommerce,85,85,2
~/ecommerce/ecommerce-in-china,67,66,5
company,61,44,5
~/software,58,58,2
~/ui-ux/app-design-in-2026-best-practices-trends-top-tools-for-modern-apps,57,54,13
~/software/estimate-development-time,51,43,21
~/ecommerce/ecommerce-in-malaysia,44,43,15
~/software/scope-of-mobile-app-development,44,40,25
~/software/medusa-js-success-stories,43,41,31
~/ecommerce/e-commerce-in-asia,40,31,4
contact,40,39,8
~/ecommerce/tiered-pricing,39,37,5
~/ecommerce/volume-discounts,37,36,5
~/ecommerce/ecommerce-in-philippines,35,34,20
~/software/backend-development-and-apis,35,29,30
~/software/product-management-with-medusa-js,35,35,11
careers,35,29,28
~/software/ongoing-maintenance-and-subscription-fees,34,31,21
~/ecommerce/medusa-js-marketplace,31,30,5
~/software/mastering-agile-frameworks,31,31,4
~/software/strapi-vs-ghost-2,31,29,23
~/software/12-agile-principles,30,29,21
~/ecommerce/dc2-ecommerce-trends,28,16,6
~/software/agile-software-development,28,25,4
~/ecommerce/ecommerce-enablers,27,25,16
~/ecommerce/what-is-ecommerce,27,27,5
~/software/ai-in-software-development,27,14,22
~/software/data-privacy-regulations,27,27,19
~/software/top-strapi-plugins,27,22,20
cerebro-ai-driven-crypto,27,19,74
~/ecommerce/request-for-quote-rfq-system,26,23,10
~/software/optimizing-software-performance,26,26,7
~/software/version-control-and-collaboration-in-web-development,26,25,24
usecases,26,26,54
above-diamond-ecommerce,25,19,39
~/ecommerce/build-a-marketplace-in-singapore,25,20,26
~/technologies/corppass-and-singpass,25,25,21
~/software/system-integration,24,21,4
custom-ecommerce-development,24,24,37
b2c-ecommerce-development-services,23,21,5
~/software/optimize-web-app-with-webassembly,23,21,2
~/ecommerce/marketplace-platform-limitations,22,19,5
~/product-development/minimum-viable-product-approach-guide,22,22,3
~/software/non-functional-requirements,22,22,11
~/software/web-development-data-privacy,22,22,1
mobile-development,22,22,3
paint-manufacturing,22,22,5
usecase/ai-for-manufacturing,22,22,4
~/software/seo-for-single-page-applications,21,21,2
~/software/task-runners-and-build-automation-tools,21,21,1
case-studies,21,19,6
fintech-software-development,21,21,30
~/ecommerce/b2b-ecommerce,20,20,9
~/ecommerce/ecommerce-in-japan,20,20,28
~/ecommerce/ecommerce-inventory-management-integration,20,20,4
~/ecommerce/ecommerce-marketing,20,20,3
~/software/business-strategy-and-goals,20,18,4
~/software/vietnams-software-development-industry,20,20,7
~/technologies/rewrite-vs-refactor-legacy-system,20,20,2
usecase/ai-driven-crypto-investment-recommendations,20,20,1
web-development,20,17,6
ai-consulting-services,19,17,6
~/ecommerce/medusa-b2b-ecommerce-platform,19,19,10
~/ecommerce/optimizing-checkout-experiences-with-medusa-js-best-practices,19,17,13
~/ecommerce/quote-based-ordering-in-b2b,19,18,10
~/technologies/3-step-guide-for-singpass-integration,19,16,53
guides,19,19,5
~/ecommerce/ecommerce-in-india,18,18,3
~/ecommerce/ecommerce-platforms-b2b-d2c,18,18,4
~/ecommerce/reorder-feature-for-b2b-customers,18,18,19
~/software/cdns-content-delivery-networks,18,18,1
~/software/software-scalability,18,16,8
smb-solutions,18,18,0
~/ecommerce/ecommerce-in-indonesia,17,17,15
~/ecommerce/ecommerce-in-singapore,17,17,7
~/ecommerce/ecommerce-strategy,17,17,5
~/software/features-of-custom-software,17,17,1
~/software/security-concerns-in-mobile-app-development,17,15,3
~/software/singapores-tech-talent,17,17,3
~/software/top-medusa-js-features,17,17,4
~/technologies/production-ai-vs-prototype-ai-why-most-systems-fail-after-the-demo,17,16,12
~/ui-ux/software-design-visuals-and-usability,17,17,7
cms-development-services,17,17,6
payload-cms-development,17,17,7
~/category/software,16,16,2
~/ecommerce/medusa-js-multi-vendor-architecture,16,15,24
~/software/functional-requirements,16,16,2
~/software/headless-cms-web-development,16,16,0
~/software/web3-dapp,16,16,3
~/ui-ux/mobile-first-ux-for-sea-e-commerce,16,16,3
delivery-framework,16,16,11
generative-ai-development,16,16,7
generative-ai-integration,16,16,2
~/category/ecommerce,15,15,1
~/ecommerce/flexible-business-models-with-medusa-js,15,15,2
